代码,    名称,现价,涨幅,涨跌,4分钟涨速,主力净量,总手,换手,量比,自选时间,自选价格,自选收益,现手,开盘,昨收,最高,最低,市盈(动),市净率,委比%,振幅,总市值,实体涨幅
SH600545,卓郎智能,4.15,10.08%,0.38,0.00%,-1.34,178296040,9.97%,1.51,20251024,3.04,36.51%,511000↑,4,3.77,4.15,3.83,,2.32,100,8.49%,7419835700,3.75%
SH600979,广安爱众,5.44,3.03%,0.16,0.18%,0.41,115448040,9.37%,0.77,20250825,5.79,-6.04%,2010320↑,5.28,5.28,5.5,5.14,34.01,1.48,-39.59,6.82%,6863414000,3.03%
SH600884,杉杉股份,14.21,-0.42%,-0.06,0.00%,0.02,77706423,4.23%,0.66,20260206,14.37,-1.11%,737900↓,14.45,14.27,14.56,13.98,84.53,1.46,79.74,4.06%,31964157000,-1.66%
SH600132,重庆啤酒,57.49,2.57%,1.44,-0.02%,0.09,4946355,1.02%,1.14,20260224,54.16,6.15%,43200↑,56.06,56.05,57.59,55.7,22.6,20.17,-70.78,3.37%,27823504000,2.55%
SH600189,泉阳泉,8.4,1.82%,0.15,0.00%,-0.08,10054919,1.41%,0.8,20260213,8.17,2.82%,138600↑,8.23,8.25,8.44,8.19,182.6,4.86,-84.25,3.03%,6007661600,2.07%
SZ002025,航天电器,51.98,2.52%,1.28,0.19%,0.1,14010740,3.09%,0.76,20260212,51.82,0.31%,235500↑,50.57,50.7,52.6,50.3,121.6,3.64,-75.53,4.54%,23673043000,2.79%
SZ002511,中顺洁柔,8.79,1.97%,0.17,0.00%,0.01,19695500,1.56%,0.62,20260209,8.32,5.65%,138200↑,8.58,8.62,8.82,8.58,36.84,2.06,-48.22,2.78%,11307261000,2.45%
SH688510,航亚科技,40.21,2.45%,0.96,0.25%,0.1,10992954,4.24%,0.73,20251110,25.35,58.62%,53103↑,39,39.25,42.6,39,102.2,8.65,14.67,9.17%,10435404100,3.10%
SZ002734,利民股份,21.77,8.52%,1.71,0.18%,2.09,73625670,16.95%,1.27,20260121,18.38,18.44%,717267↑,19.91,20.06,22.07,19.91,19.92,2.7,17.21,10.77%,10359028600,9.34%
SZ002208,合肥城建,15.82,5.12%,0.77,0.00%,0.48,62758669,7.81%,1.78,20260116,14.14,11.88%,891400↑,15.2,15.05,16.19,15.11,,1.98,-51.01,7.18%,12708077800,4.08%
SZ300051,琏升科技,9.5,0.32%,0.03,0.21%,-0.13,10951500,2.98%,0.69,20260109,8.6,10.47%,118400↑,9.4,9.47,9.63,9.33,,21.92,32.94,3.17%,3534168100,1.06%
SZ300177,中海达,9.43,-0.21%,-0.02,0.00%,-0.17,8043993,1.33%,0.55,20250529,11.56,-18.43%,121400↓,9.37,9.45,9.5,9.36,,4.65,35.27,1.48%,7017514300,0.64%
SZ000060,中金岭南,7.55,-1.18%,-0.09,0.13%,-0.2,119371339,2.69%,0.45,20251205,5.55,36.04%,1316900↓,7.55,7.64,7.65,7.41,29.91,1.77,34.68,3.14%,33530852000,0.00%
SZ002982,湘佳股份,15.16,7.52%,1.06,-0.07%,2.7,22979613,17.69%,4.16,20260306,15.16,0.00%,227476↑,14.08,14.1,15.51,14.04,103.4,1.94,-33.94,10.43%,3080420500,7.67%
SH600850,电科数字,26.92,3.14%,0.82,-0.15%,-0.01,11992531,1.76%,0.96,20260306,27.03,-0.41%,90200↑,26.2,26.1,27.25,26.12,53.89,3.77,20.77,4.33%,18310950000,2.75%
SH601868,中国能建,2.89,9.89%,0.26,0.00%,1.41,2027314600,6.25%,2.81,20260306,2.63,9.89%,7289300↑,2.66,2.63,2.89,2.65,28.63,1.1,100,9.13%,120487463000,8.65%
SH601727,上海电气,9.36,-1.06%,-0.1,0.00%,-0.95,597084290,4.73%,2.29,20260305,9.46,-1.06%,7916500↓,9.37,9.46,9.48,9.25,102.4,2.69,20.45,2.43%,145455540000,-0.11%
SH603897,长城科技,34.39,0.17%,0.06,0.03%,-0.2,11669770,5.65%,0.59,20260305,34.74,-1.01%,326300↑,34.25,34.33,34.75,33.6,24.77,2.95,40.07,3.35%,7099323100,0.41%
SZ002246,北化股份,24.81,4.16%,0.99,0.04%,0.27,56656478,10.32%,0.92,20260304,24.11,2.90%,654700↑,23.83,23.82,25.38,23.43,54.23,4.54,38.52,8.19%,13621553000,4.11%
SZ000713,国投丰乐,7.21,3.15%,0.22,-0.14%,0.43,38503039,6.27%,1.04,20260304,7.34,-1.77%,407000↑,6.96,6.99,7.23,6.94,,1.93,-34.47,4.15%,5755162400,3.59%
SH601898,中煤能源,17.33,-1.14%,-0.2,0.06%,0,55415681,0.61%,0.59,20260304,17,1.94%,870200↓,17.06,17.53,17.6,16.75,13.8,1.46,23.63,4.85%,229772640000,1.58%
SH601225,陕西煤业,24.95,-0.95%,-0.24,0.12%,-0.04,41710089,0.43%,0.59,20260304,25.03,-0.32%,478900↓,25.05,25.19,25.16,24.5,14.27,2.56,-27.89,2.62%,241890250000,-0.40%
SH688525,佰维存储,209.33,9.31%,17.83,0.00%,0.43,55101645,11.80%,1.4,20260304,175.99,18.94%,300↓,190.6,191.5,209.62,190.6,112.8,17.92,18.7,9.93%,97784681000,9.83%
SH603757,大元泵业,43.08,-0.83%,-0.36,0.16%,-0.22,5791531,3.10%,0.52,20260304,43.8,-1.64%,55400↓,42.74,43.44,43.78,42.46,43.04,3.82,87.23,3.04%,8036455900,0.80%
SZ000905,厦门港务,12.72,1.27%,0.16,0.16%,-0.02,19873724,2.68%,0.41,20260304,13.69,-7.09%,268500↑,12.55,12.56,12.76,12.35,36.14,1.86,-4.04,3.26%,9435818100,1.35%
SZ002261,拓维信息,39.05,10.00%,3.55,0.00%,3.52,204167440,17.82%,1.02,20260303,37.51,4.11%,4047460↑,34.88,35.5,39.05,34.59,351.9,18.87,100,12.56%,49196419000,11.96%
SH600123,兰花科创,6.65,-0.60%,-0.04,0.00%,-0.2,43436420,2.95%,0.56,20260302,6.58,1.06%,371320↓,6.61,6.69,6.69,6.49,698.9,0.62,-43.66,2.99%,9797046100,0.61%
SZ002536,飞龙股份,36.47,-1.46%,-0.54,0.06%,-0.69,52332216,9.61%,0.73,20260302,33.97,7.36%,707629↓,36.12,37.01,37.86,36,54.83,6.06,25.69,5.03%,20962441000,0.97%
SZ002843,泰嘉股份,27.93,10.00%,2.54,0.00%,3.5,82358605,32.84%,1.52,20260227,25.27,10.53%,285855↑,24.96,25.39,27.93,24.63,91.08,4.97,100,13.00%,7031030100,11.90%
SH688356,键凯科技,103.37,1.13%,1.15,0.34%,0.04,1069509,1.76%,0.87,20260227,100.87,2.48%,15690↑,101.5,102.22,105.56,101.01,98.9,4.75,18.88,4.45%,6269462900,1.84%
SZ002015,协鑫能科,15.62,10.00%,1.42,0.00%,1.46,98558764,6.07%,0.66,20260227,14.16,10.31%,177400↑,14.62,14.2,15.62,14.5,24.95,2.06,100,7.89%,25356330000,6.84%
SH603606,东方电缆,60.75,-0.74%,-0.45,0.00%,-0.01,10496537,1.53%,0.8,20260227,59.2,2.62%,70400↓,60.59,61.2,62.12,60.45,34.28,5.45,35.79,2.73%,41778709000,0.26%
SZ300317,珈伟新能,5.71,-4.83%,-0.29,-0.35%,0.05,158861850,19.17%,0.69,20260227,5.36,6.53%,1500↓,5.8,6,5.9,5.49,,3.04,-18.92,6.83%,4740375800,-1.55%
SZ300911,亿田智能,43.12,-6.89%,-3.19,1.22%,0.13,12221928,7.13%,0.76,20260122,35.94,19.98%,100--,44.41,46.31,46.3,42.26,,6.74,-90.24,8.72%,7905435500,-2.90%
SH600507,方大特钢,7.11,0.42%,0.03,0.00%,0.01,28114907,1.22%,0.6,20260227,6.97,2.01%,254600↑,7.08,7.08,7.18,6.99,15.64,1.64,-27.01,2.68%,16446766000,0.42%
SH600251,冠农股份,11,1.38%,0.15,0.09%,-0.03,13563400,1.75%,0.8,20260226,11.24,-2.14%,166500↑,10.8,10.85,11.15,10.7,18.47,2.25,-66.62,4.15%,8546929400,1.85%
SH600540,新赛股份,5.34,3.89%,0.2,-0.37%,-0.49,49771010,8.56%,0.68,20260226,5.71,-6.48%,776000↑,5.09,5.14,5.39,5.08,,7.12,-14.2,6.03%,3104553000,4.91%
SH600999,招商证券,16.12,0.94%,0.15,0.12%,0.01,25764337,0.35%,0.54,20260226,16.6,-2.89%,511200↑,15.92,15.97,16.15,15.9,11.4,1.16,-8.49,1.57%,140188010000,1.26%
SH600744,华银电力,9.08,0.44%,0.04,0.11%,-2.47,451747680,22.24%,1.27,20250829,7.81,16.26%,5133210↑,9.04,9.04,9.47,8.58,38.78,12.96,52.57,9.85%,18442608000,0.44%
SZ300034,钢研高纳,22.4,3.66%,0.79,0.00%,0.39,48702367,6.35%,1.08,20251215,19.27,16.24%,322200↑,21.41,21.61,23.42,21.32,107.5,4.68,-10.83,9.72%,17851939000,4.62%
SZ300499,高澜股份,37.8,-2.22%,-0.86,0.24%,-0.93,50209282,18.50%,0.81,20250815,25.78,46.63%,400↓,38.5,38.66,39.71,37.7,252.8,8.34,79.98,5.20%,11538395700,-1.82%
SH603220,中贝通信,27.43,6.36%,1.64,0.04%,0.63,55913534,12.88%,1.37,20260226,27.43,0.00%,427500↑,27,25.79,28,26.5,129.7,3.79,-17.77,5.82%,14711976000,1.59%
SH601949,中国出版,6.49,1.25%,0.08,0.00%,-0.06,13613700,0.72%,0.59,20260226,7.25,-10.48%,153900--,6.38,6.41,6.53,6.38,38.91,1.28,-30.72,2.34%,12356752700,1.72%
SH601778,晶科科技,4.87,3.84%,0.18,0.41%,0.6,349839420,9.80%,1.46,20260226,4.68,4.06%,3897300--,4.69,4.69,4.99,4.62,36.67,1.1,-25.59,7.89%,17390773000,3.84%
SH605009,豪悦护理,29.72,2.06%,0.6,-0.03%,-0.01,1203140,0.56%,0.83,20250814,41.04,-27.58%,21560--,29.07,29.12,29.75,29.02,23.57,1.89,35.85,2.51%,6391760300,2.24%
SZ300812,易天股份,43.09,-7.93%,-3.71,-0.07%,-0.62,21738480,23.45%,0.87,20260213,41.76,3.18%,400--,45.61,46.8,45.99,42.5,130.5,7.7,75.83,7.46%,6035919200,-5.53%
SH600629,华建集团,22.42,5.95%,1.26,0.00%,0.56,57676030,6.05%,1.86,20250930,28.69,-21.85%,504700--,21,21.16,22.78,20.97,103.4,4.1,27.71,8.55%,21754993000,6.76%
SZ300852,四会富仕,48.36,-0.39%,-0.19,0.02%,-0.36,7097920,4.58%,0.7,20260213,47.19,2.48%,40200--,48,48.55,49.74,46.81,44.47,3.97,-3.58,6.04%,7762803500,0.75%
SZ300047,天源迪科,13.05,1.64%,0.21,-0.08%,0.12,12645458,2.31%,0.48,20260212,14.16,-7.84%,386800--,12.78,12.84,13.06,12.72,161.7,2.52,-44.97,2.65%,8322568000,2.11%
SZ000859,国风新材,10.64,-2.12%,-0.23,0.00%,-0.38,36368776,4.06%,0.64,20251120,7.89,34.85%,563700--,10.79,10.87,10.89,10.62,,3.5,62.81,2.48%,9533187500,-1.39%
SZ002330,得利斯,5.19,4.64%,0.23,0.00%,-0.2,23592023,3.71%,1.78,20251031,4.89,6.13%,608100--,4.93,4.96,5.22,4.93,457.6,1.44,-66.34,5.85%,3297286400,5.27%
SH603650,彤程新材,56.22,-0.72%,-0.41,0.04%,-0.08,6791342,1.11%,0.45,20251119,40.92,37.39%,100700--,56.18,56.63,56.85,55.88,52.58,9.81,55.97,1.71%,34637590000,0.07%
SZ001896,豫能控股,15.88,9.97%,1.44,0.00%,0.39,236409600,15.49%,1.05,20260211,7.54,110.61%,658200--,14.04,14.44,15.88,14.03,63.16,7.03,100,12.81%,24229408000,13.11%
SH603698,航天工程,35.36,-1.56%,-0.56,0.00%,0.04,15822570,2.95%,0.58,20260211,39.86,-11.29%,379800--,35.59,35.92,36.05,35,105.7,5.49,16.32,2.92%,18952606000,-0.65%
SZ002465,海格通信,17.07,-0.70%,-0.12,0.00%,-0.15,99138410,4.00%,0.49,20260211,17.93,-4.80%,996700--,17.02,17.19,17.4,16.8,,3.52,46.4,3.49%,42364905000,0.29%
SH600755,厦门国贸,6.66,0.76%,0.05,-0.15%,0,17503869,0.82%,0.38,20260211,6.7,-0.60%,353300--,6.61,6.61,6.67,6.57,18.5,0.724,-48.92,1.51%,14236557000,0.76%
SZ300133,华策影视,8.05,2.03%,0.16,0.00%,0.49,61858407,3.84%,0.87,20260209,9.54,-15.62%,2900--,7.89,7.89,8.06,7.86,65.1,2.09,-17.86,2.53%,15200581000,2.03%
SZ300364,中文在线,28.97,1.61%,0.46,0.17%,0.97,74531525,11.29%,1.15,20260209,35.28,-17.89%,300--,28.87,28.51,29.6,28.51,,44.64,37.73,3.82%,21104648000,0.35%
SZ002126,银轮股份,54.31,5.91%,3.03,0.11%,0.19,40543158,5.11%,1.32,20260209,46.01,18.04%,322200--,55.68,51.28,55.83,51.77,51.28,6.8,38.38,7.92%,45930479000,-2.46%
SZ301262,海看股份,25.62,2.32%,0.58,-0.04%,0.21,6316840,5.17%,0.79,20260209,32.65,-21.53%,148000--,24.88,25.04,25.67,24.78,25.11,2.78,-31.3,3.55%,10683540000,2.97%
SH601599,浙文影业,4.13,0.98%,0.04,0.00%,-0.18,29056540,2.50%,0.6,20260209,5.13,-19.49%,307300--,4.08,4.09,4.14,4.07,26.27,3.16,-20.03,1.71%,4793040300,1.23%
SZ002727,一心堂,13.1,1.24%,0.16,-0.08%,-0.16,6646182,1.67%,0.79,20260126,13.92,-5.89%,152900--,12.88,12.94,13.11,12.85,21.42,1.05,0.34,2.01%,7671414000,1.71%
SH600984,建设机械,4.74,-0.63%,-0.03,0.00%,-0.05,27088823,2.16%,0.5,20260203,4.53,4.64%,602900--,4.73,4.77,4.77,4.69,,1.88,14.02,1.68%,5958388200,0.21%
SZ001330,博纳影业,7.96,0.25%,0.02,-0.13%,0.18,62673800,4.56%,0.48,20260209,11.31,-29.62%,1541700--,7.91,7.94,8.02,7.84,,2.61,39.27,2.27%,10941171100,0.63%
SZ002991,甘源食品,54.08,1.85%,0.98,-0.02%,-0.09,576346,1.15%,0.6,20260206,61.4,-11.92%,4900--,53,53.1,54.16,53,24.21,3.03,-55.26,2.18%,5041112100,2.04%
SZ002001,新 和 成,36.3,8.07%,2.71,0.53%,0.19,90897667,2.99%,1.15,20260206,29.75,22.02%,1111100--,33.35,33.59,36.38,33.33,15.73,3.46,-40.51,9.08%,111565207000,8.85%
SH603733,仙鹤股份,24.56,1.40%,0.34,0.00%,-0.02,3024500,0.43%,0.56,20260206,24.77,-0.85%,43746--,24.22,24.22,24.7,24.14,16.76,2.1,-0.39,2.31%,17381704000,1.40%
SZ002361,神剑股份,12.73,-1.24%,-0.16,-0.08%,-0.13,84788424,10.48%,0.66,20260204,13.21,-3.63%,1377500--,12.59,12.89,13.14,12.51,299.5,5.47,-17.49,4.89%,12106675200,1.11%
SH603078,江化微,23.77,-0.83%,-0.2,0.00%,-0.23,10993947,2.85%,0.6,20260203,25.07,-5.19%,67400--,23.97,23.97,24.09,23.7,87.26,4.73,43.56,1.63%,9166597400,-0.83%
SZ301035,润丰股份,81.16,5.40%,4.16,-0.09%,-0.01,1966299,0.70%,1.17,20260203,80.61,0.68%,20200↑,77.16,77,81.93,76.76,19.21,3.12,37.36,6.71%,22787372000,5.18%
SH600785,新华百货,19.47,0.62%,0.12,-0.05%,0,6672726,2.96%,0.61,20260203,25.65,-24.09%,61700--,19.25,19.35,19.94,19.14,30.65,1.91,41.1,4.13%,4393041000,1.14%
SH688223,晶科能源,7.34,4.11%,0.29,0.00%,0.11,216417200,2.14%,1,20260203,7.01,4.71%,400--,7.04,7.05,7.49,6.95,,2.88,22.1,7.66%,74265929000,4.26%
SH601615,明阳智能,20.23,0.65%,0.13,-0.05%,0.14,43267307,1.91%,0.5,20260203,25.58,-20.91%,389012--,20.03,20.1,20.63,19.88,44.81,1.74,17.89,3.73%,45750078000,1.00%
SH600053,九鼎投资,17.61,0.92%,0.16,0.11%,-0.01,3410200,0.79%,0.58,20260119,23.3,-24.42%,89500--,17.32,17.45,17.64,17.22,,2.97,12.56,2.41%,7634653500,1.67%
SH601918,新集能源,7.99,-0.75%,-0.06,0.13%,-0.26,54911353,2.12%,0.51,20260130,7.32,9.15%,641900--,7.96,8.05,8.04,7.83,10.03,1.23,-38.56,2.61%,20698429000,0.38%
SZ002455,百川股份,12.96,4.94%,0.61,-0.08%,1.31,102136306,19.67%,0.84,20260129,8.72,48.62%,1148700--,12.2,12.35,13.3,12.17,1202,4.42,-16.59,9.15%,7701589100,6.23%
SH600172,黄河旋风,9.56,-3.43%,-0.34,0.00%,-1.6,215446310,16.88%,0.88,20260129,7.28,31.32%,2932100--,9.75,9.9,10.11,9.48,,13.96,43.45,6.36%,13787284000,-1.95%
SZ300016,北陆药业,10.85,7.32%,0.74,-0.18%,-0.41,86259576,15.35%,2.97,20260129,9.07,19.63%,2100--,10.03,10.11,11.36,10,103.7,2.76,-51.48,13.45%,6107173800,8.18%
SH600600,青岛啤酒,62.46,1.73%,1.06,0.00%,0.06,5047764,0.71%,0.96,20260129,63.57,-1.75%,84100--,61.2,61.4,62.48,61.1,12.12,2.72,-69.23,2.25%,85207627000,2.06%
SZ300067,安诺其,5.05,2.43%,0.12,0.00%,-0.04,46776069,4.99%,0.62,20260129,5.49,-8.01%,3000--,4.88,4.93,5.05,4.87,,2.34,-1.3,3.65%,5829591600,3.48%
SH603188,亚邦股份,5.51,2.42%,0.13,-0.36%,-0.23,19932100,3.50%,0.69,20260129,5.31,3.77%,365200--,5.36,5.38,5.6,5.35,114.2,4.09,-25.67,4.65%,3141636700,2.80%
SZ300758,七彩化学,15.74,2.34%,0.36,0.26%,-0.04,14675949,4.01%,0.76,20260128,20.12,-21.77%,200--,15.32,15.38,15.88,15.24,65.31,3.57,35.98,4.16%,6391047500,2.74%
SH600352,浙江龙盛,15.84,0.19%,0.03,-0.06%,0.05,64928555,2.00%,0.61,20260128,14.75,7.39%,435200--,15.71,15.81,16.1,15.53,27.66,1.51,11.79,3.61%,51532777000,0.83%
SZ301177,迪阿股份,31.12,1.43%,0.44,-0.16%,0,1976547,0.49%,0.38,20260128,38.76,-19.71%,14200--,30.57,30.68,31.31,30.42,91.11,2,-6.87,2.90%,12456544000,1.80%
SH600522,中天科技,27.38,-5.00%,-1.44,0.22%,-0.78,163425190,4.79%,0.8,20260128,21.85,25.31%,2087200--,28.45,28.82,28.88,27.22,29.97,2.55,63.91,5.76%,93446561000,-3.76%
SH605006,山东玻纤,9.33,-1.69%,-0.16,0.00%,-0.22,21298840,3.55%,0.48,20260128,7.96,17.21%,459900--,9.44,9.49,9.54,9.21,,2.27,-27.44,3.48%,5598166800,-1.17%
SH601015,陕西黑猫,4.88,-3.94%,-0.2,-0.20%,-0.44,143106720,7.01%,0.74,20250724,4.01,21.70%,2402500--,4.9,5.08,4.93,4.63,,1.77,-24.59,5.91%,9967388500,-0.41%
SZ300967,晓鸣股份,21.5,4.93%,1.01,0.00%,-0.08,19348132,15.51%,1.36,20260128,21.52,-0.09%,100--,20.48,20.49,21.58,19.58,16.52,4.92,-1.98,9.76%,4032781200,4.98%
SZ002166,莱茵生物,8.96,1.36%,0.12,-0.11%,-0.07,6959269,0.94%,0.58,20260128,9.72,-7.82%,67000--,8.8,8.84,8.97,8.79,70.79,2.16,-55.1,2.04%,6644820400,1.82%
920402,硅烷科技,10.28,-1.06%,-0.11,0.00%,-0.28,5842591,2.14%,0.72,--,--,--,56364--,10.2,10.39,10.34,10.12,,2.81,61.67,2.12%,4338777500,0.78%
SH600345,长江通信,40.74,-7.03%,-3.08,0.03%,-0.75,20251026,9.57%,0.93,20260109,38.3,6.37%,174300--,43.95,43.82,43.95,40.48,605.4,3.81,76.38,7.92%,13428398000,-7.30%
SZ301207,华兰疫苗,19.42,1.89%,0.36,0.00%,-0.02,6569826,1.09%,0.95,20260128,23,-15.57%,900--,18.97,19.06,19.52,18.95,66.16,2.06,19.82,2.99%,11671954100,2.37%
SH600732,爱旭股份,15.1,-0.98%,-0.15,0.00%,0.02,50506057,2.79%,0.75,20260127,14.45,4.50%,437200--,15.14,15.25,15.14,14.74,,4.94,-15.7,2.62%,31970474000,-0.26%
SH600602,云赛智联,20.24,2.22%,0.44,0.05%,0.15,73188721,6.81%,1.04,20260127,22.17,-8.71%,708600--,20.15,19.8,21.1,19.95,143,5.74,-14.23,5.81%,27681711000,0.45%
SZ300639,凯普生物,6.59,2.81%,0.18,-0.15%,-0.15,19242675,3.03%,0.95,20260127,8.7,-24.25%,1600--,6.43,6.41,6.6,6.33,,1.11,-44.33,4.21%,4260439400,2.49%
SZ002362,汉王科技,20.64,0.19%,0.04,0.00%,-0.06,3099300,1.49%,0.52,20260127,23.08,-10.57%,43000--,20.48,20.6,20.73,20.43,,4.8,6.28,1.46%,5045543900,0.78%
00941,中国移动,78.95,0.83%,0.65,0.70%,0.01,21789340,0.11%,1.12,20260127,78.9,0.06%,3253500--,78.45,78.3,79.15,78.35,10.18,1.12,63.06,1.02%,1709577500000,0.64%
SZ300871,回盛生物,26.06,2.20%,0.56,0.04%,-0.12,6367427,3.15%,0.69,20251027,21.69,20.15%,84800--,25.25,25.5,26.18,25.21,21.05,2.5,69.6,3.80%,5272786400,3.21%
SH600062,华润双鹤,18.2,1.45%,0.26,-0.06%,0.03,6324427,0.61%,0.8,20260126,19.02,-4.31%,46100--,17.94,17.94,18.26,17.86,10.51,1.67,6.2,2.23%,18905387000,1.45%
SH600470,六国化工,8.37,9.99%,0.76,0.00%,7.79,102524984,19.66%,0.96,20260126,6.79,23.27%,227200--,7.45,7.61,8.37,7.36,,2.68,100,13.27%,4365792000,12.35%
SH601108,财通证券,8.38,1.45%,0.12,-0.24%,0.05,33432622,0.72%,0.77,20260126,9.5,-11.79%,468825--,8.25,8.26,8.42,8.23,14.32,1.05,-17.36,2.30%,38914738000,1.58%
SZ002446,盛路通信,10.66,-1.20%,-0.13,0.00%,-0.34,32233718,3.80%,0.53,20260126,11.56,-7.79%,421300--,10.7,10.79,10.87,10.56,87.05,3.84,52.06,2.87%,9758331600,-0.37%
SZ300696,爱乐达,30.58,0.82%,0.25,-0.10%,-0.02,5946594,2.24%,0.69,20260126,32.96,-7.22%,35800--,30.49,30.33,31.58,30,143.8,4.74,-16.72,5.21%,8964618200,0.30%
SH600399,抚顺特钢,7.4,2.07%,0.15,0.00%,0.47,122257029,6.20%,0.69,20260126,7.07,4.67%,636000--,7.2,7.25,7.67,7.16,,2.53,63.76,7.03%,14593540000,2.78%
SZ002340,格林美,9.06,-0.98%,-0.09,-0.11%,-0.17,175590030,3.46%,0.57,20260123,9.66,-6.21%,1508290--,9.08,9.15,9.23,8.96,31.28,2.25,51.43,2.95%,46236202000,-0.22%
SZ000591,太阳能,6.25,2.97%,0.18,0.00%,0.04,280638770,7.15%,1.44,20250903,4.98,25.50%,2561700--,6.15,6.07,6.39,6.07,16.35,1.01,15.5,5.27%,24527766000,1.63%
SZ002815,崇达技术,15.1,1.75%,0.26,0.00%,0.21,32317043,4.16%,0.79,20260123,16.38,-7.81%,346600--,14.71,14.84,15.34,14.55,44.57,2.08,27.34,5.32%,18635685000,2.65%
SZ300494,盛天网络,12.31,1.32%,0.16,0.16%,-0.2,9462720,2.38%,0.51,20260122,13.35,-7.79%,160700--,12.01,12.15,12.31,12,147.5,4.19,19.28,2.55%,6038179000,2.50%
SZ300657,弘信电子,31.77,1.24%,0.39,0.00%,0.19,29594712,6.28%,0.89,20260122,30.25,5.02%,206200--,31,31.38,32.63,30.81,127,12.19,8.39,5.80%,15330796000,2.48%
SH605177,东亚药业,22.95,5.86%,1.27,0.04%,0,3177581,2.82%,1.42,20260122,22.95,0.00%,16500--,21.53,21.68,23.07,21.53,,1.55,0.34,7.10%,2632964400,6.60%
SZ000048,京基智农,18.36,3.79%,0.67,0.00%,0.19,9443100,1.79%,0.83,20260121,18.5,-0.76%,116800--,17.63,17.69,18.39,17.44,24.51,2.3,-29.95,5.37%,9735982100,4.14%
SZ300215,电科院,10.68,-0.37%,-0.04,0.00%,-1.18,71880206,14.38%,1.03,20250627,5.74,86.06%,718600--,10.53,10.72,10.96,10.28,,4.08,-27.89,6.34%,8000325900,1.42%
SZ002554,惠博普,4.5,-1.75%,-0.08,-0.22%,-0.22,108379275,8.13%,0.55,20260121,4.04,11.39%,1157937--,4.53,4.58,4.58,4.43,427.6,2.53,33.12,3.28%,6001740300,-0.66%
SH600895,张江高科,38.56,0.23%,0.09,0.00%,-0.03,15786985,1.02%,0.51,20260121,44.91,-14.14%,213100--,38.25,38.47,38.82,38.19,72.64,4.48,1.86,1.64%,59717469000,0.81%
SZ000021,深科技,32.38,2.50%,0.79,0.00%,0.74,119711011,7.62%,1.06,20251223,24.39,32.76%,1729900--,31.19,31.59,33.07,31.19,50.5,4,-8.75,5.95%,50887538000,3.82%
SH603052,可川科技,58.7,-0.76%,-0.45,0.26%,-0.05,7111131,3.78%,1.01,20260107,40.41,45.26%,115100--,58.34,59.15,59.89,55.8,332.1,10.14,82.43,6.91%,11029570500,0.62%
SH600759,洲际油气,8.24,-5.29%,-0.46,0.00%,-0.88,976928560,23.58%,1.72,20251103,2.61,215.71%,13573020--,7.88,8.7,8.55,7.88,308.6,3.89,44.39,7.70%,34187836000,4.57%
SZ000636,风华高科,23.75,0.00%,0,0.04%,-0.05,70297160,6.08%,0.49,20260121,20.6,15.29%,1102200--,23.75,23.75,24.1,22.83,90.2,2.2,51.25,5.35%,27479064000,0.00%
SZ003035,南网能源,8.71,-2.79%,-0.25,0.00%,-0.17,179266650,4.73%,0.75,20260120,5.63,54.71%,2092800--,8.8,8.96,8.98,8.4,72.28,4.73,38.32,6.47%,32992424000,-1.02%
SZ002165,红 宝 丽,12.21,10.00%,1.11,0.00%,4.58,83747604,11.51%,0.72,20260120,8.72,40.02%,281800--,11.03,11.1,12.21,10.96,179.7,4.39,100,11.26%,8977644700,10.70%
SH603393,新天然气,37.88,-2.87%,-1.12,-0.03%,-0.67,27615143,6.53%,0.6,20260120,28.41,33.33%,355800--,37.85,39,38.82,37.16,14.77,1.79,-2.51,4.26%,16058140000,0.08%
SZ000560,我爱我家,3.29,2.81%,0.09,0.31%,0.45,133687258,5.93%,0.91,20260120,3.22,2.17%,2093400--,3.19,3.2,3.3,3.16,137.3,0.823,-10.83,4.38%,7749597800,3.13%
SH601216,君正集团,6.33,3.94%,0.24,0.64%,0.27,224631690,2.66%,1.43,20260120,5.93,6.75%,1791300--,6.1,6.09,6.39,6.01,14.32,1.85,-76.58,6.24%,53412650000,3.77%
SH688327,云从科技-UW,14.76,1.44%,0.21,-0.20%,0.02,18433806,2.21%,0.39,20260119,16.52,-10.65%,214623--,14.47,14.55,14.83,14.45,,20.5,-53.17,2.61%,15328976000,2.00%
SH688076,ST诺泰,33.72,3.79%,1.23,-0.12%,0,5344733,1.69%,1.1,20260116,38.55,-12.53%,33100--,32.48,32.49,34.3,32.48,32.59,3.58,24.6,5.60%,10657270000,3.82%
SZ000610,西安旅游,9.51,3.59%,0.33,0.00%,-0.16,9904400,4.21%,1.09,20260115,13.33,-28.66%,88400--,9.22,9.18,9.52,9.18,,14.4,-1.18,3.70%,2251472500,3.15%
SZ300285,国瓷材料,35.51,0.00%,0,0.00%,0.07,32178390,3.82%,0.5,20260114,33.14,7.15%,1200--,34.81,35.51,36.28,34.44,54.25,5.05,-10.11,5.18%,35405185000,2.01%
SH600845,宝信软件,23.1,2.12%,0.48,-0.09%,0.08,17878287,0.84%,0.71,20260114,23.8,-2.94%,257660--,22.57,22.62,23.2,22.48,45.31,6.03,-64.21,3.18%,66314990000,2.35%
SZ300138,晨光生物,14.1,2.99%,0.41,0.00%,0.05,11260658,2.83%,0.95,20260113,13.04,8.13%,77700--,13.65,13.69,14.26,13.56,18.73,2.01,24.63,5.11%,6811711300,3.30%
SZ300617,安靠智电,71.97,10.55%,6.87,-0.26%,0.79,28686879,20.65%,1.47,20260113,38.75,85.73%,100--,67.14,65.1,74.88,64.8,121.2,4.09,-85.53,15.48%,11925980600,7.19%
SZ300817,双飞集团,19.97,2.41%,0.47,0.15%,-0.1,2416050,1.93%,0.75,20260113,22.68,-11.95%,84000--,19.48,19.5,20.03,19.26,71.04,4.28,-31.75,3.95%,4359415900,2.52%
920021,流金科技,10.81,0.93%,0.1,0.00%,-0.5,18656406,7.54%,0.5,--,--,--,342077--,10.72,10.71,10.97,10.57,,5.2,-43.75,3.73%,3340289800,0.84%
SZ300866,安克创新,96.51,1.80%,1.71,0.00%,-0.05,3193542,1.04%,0.62,20260109,106.2,-9.12%,57000--,94.5,94.8,97.97,94.09,20.08,5.23,-81.31,4.09%,51744693000,2.13%
SH688513,苑东生物,57.95,4.68%,2.59,0.07%,0.06,2525255,1.43%,1.22,20260109,64.58,-10.27%,7774--,54.85,55.36,59.15,54.5,36.12,3.49,-88.44,8.40%,10230044200,5.65%
SH603882,金域医学,28.55,1.24%,0.35,0.07%,-0.02,4922114,1.07%,0.7,20260109,33.66,-15.18%,27400--,28.07,28.2,28.8,28.03,,1.94,16.03,2.73%,13226023800,1.71%
SH600587,新华医疗,15.23,2.42%,0.36,-0.13%,0.05,9824308,1.62%,1.14,20260108,16.22,-6.10%,100100--,14.83,14.87,15.3,14.8,15.95,1.17,-54.01,3.36%,9239196500,2.70%
920263,中航泰达,12.86,0.78%,0.1,0.00%,0.08,821477,0.80%,0.23,20251013,15.89,-19.07%,28873--,12.87,12.76,12.94,12.76,69.86,3.13,-3.71,1.41%,1816383600,-0.08%
SH688727,恒坤新材,51.24,-0.04%,-0.02,-0.25%,-0.17,2017866,4.02%,0.48,20251119,60.05,-14.67%,37521--,51.06,51.26,51.83,51.06,224.3,9.18,-30.79,1.50%,23023136000,0.35%
SH600366,宁波韵升,13.52,-0.73%,-0.1,-0.07%,-0.06,28776650,2.62%,0.62,20260107,14.45,-6.44%,365100--,13.56,13.62,13.73,13.43,40.39,2.43,80.22,2.20%,14859035000,-0.29%
SZ002333,罗普斯金,5.97,3.11%,0.18,0.17%,0,8903500,1.34%,0.83,20260107,5.96,0.17%,73100--,5.77,5.79,5.98,5.74,68.69,2.11,-40.1,4.15%,4029301100,3.47%
SZ000970,中科三环,13.84,-0.86%,-0.12,0.07%,0.06,32371752,2.66%,0.78,20260107,14.04,-1.42%,520900--,13.85,13.96,14.05,13.68,139.7,2.58,42.01,2.65%,16825645000,-0.07%
SH603690,至纯科技,27.02,0.52%,0.14,0.00%,-0.02,7140616,1.86%,0.57,20260107,33.41,-19.13%,92900--,26.7,26.88,27.12,26.65,91.63,2.06,56.88,1.75%,10347694000,1.20%
SZ002112,三变科技,25.12,3.33%,0.81,0.00%,-0.14,90498688,34.53%,1.38,20251104,14.55,72.65%,1016900--,23.96,24.31,26,23.86,138,8.48,-12.2,8.80%,7388577800,4.84%
920489,佳先股份,16.77,0.78%,0.13,0.00%,0.02,2007678,2.31%,0.96,20260107,21.01,-20.18%,38375--,16.57,16.64,16.83,16.45,404.3,4.76,32.4,2.28%,2288420800,1.21%
SH600501,航天晨光,25.96,0.00%,0,-0.04%,-0.1,7212091,1.69%,0.5,20260107,31.57,-17.77%,66300--,25.8,25.96,26.26,25.71,,6.44,15.67,2.12%,11106316200,0.62%
SH603325,博隆技术,77.55,1.62%,1.24,-0.03%,0.05,571977,1.67%,0.69,20260106,80.33,-3.46%,15200--,76.31,76.31,78.06,76.09,14.45,2.3,23.2,2.58%,6204310200,1.62%
SZ000725,京东方Ａ,4.37,-2.02%,-0.09,-0.23%,-0.01,937985500,2.58%,0.98,20260106,4.5,-2.89%,9334170--,4.42,4.46,4.43,4.31,26.39,1.22,24.38,2.69%,161883710000,-1.13%
SZ300827,上能电气,38.83,3.77%,1.41,0.03%,0.52,36647626,9.51%,1.47,20260106,38.92,-0.23%,100--,37.06,37.42,39.15,36.65,52.15,5.34,-7.31,6.68%,21616334000,4.78%
SZ001283,豪鹏科技,62.46,0.66%,0.41,0.02%,-0.35,1747314,2.19%,0.74,20260106,72.96,-14.39%,23700--,61.9,62.05,62.7,61.6,26.73,1.81,-0.8,1.77%,6242444000,0.90%
06603,IFBH,11.14,-4.38%,-0.51,-0.09%,-0.35,6045200,2.27%,0.71,20260106,16.53,-32.61%,49200--,11.88,11.65,12.06,11.14,16.76,2.23,31.62,7.90%,2970668200,-6.23%
SH600266,城建发展,5.37,1.90%,0.1,0.00%,0.21,35048297,1.69%,0.71,20260105,5.58,-3.76%,451700--,5.27,5.27,5.38,5.25,10.93,0.574,9.68,2.47%,11146742600,1.90%
SZ300753,爱朋医疗,34.15,2.92%,0.97,-0.06%,0.27,13914019,15.83%,1.73,20260105,33.3,2.55%,114400--,32.84,33.18,35.11,32.74,,6.33,-67.47,7.14%,4304539200,3.99%
SH603903,中持股份,12.49,3.48%,0.42,-0.08%,-0.01,5297470,2.07%,0.88,20260105,14.17,-11.86%,47300--,11.92,12.07,12.55,11.92,50.25,2.04,-59.63,5.22%,3188940300,4.78%
SH600664,哈药股份,3.49,0.87%,0.03,-0.29%,0,20999479,0.83%,0.81,20260105,3.51,-0.57%,381400--,3.45,3.46,3.5,3.44,20.06,1.55,16.41,1.73%,8789599500,1.16%
SZ300446,航天智造,23,1.10%,0.25,0.00%,-0.11,15284973,4.09%,0.68,20260105,24.7,-6.88%,100--,22.51,22.75,23.26,22.4,22.08,3.3,-15.39,3.78%,19444433000,2.18%
SH600363,联创光电,59.47,-1.80%,-1.09,-0.03%,-0.19,8868110,1.97%,0.71,20260105,69.37,-14.27%,53900--,60.04,60.56,60.62,59.11,50.22,6.09,86.89,2.49%,26814336000,-0.95%
SH600477,杭萧钢构,3.55,-0.28%,-0.01,-0.28%,0.03,51747857,2.19%,0.49,20251229,2.92,21.58%,422800--,3.53,3.56,3.57,3.51,42.21,1.65,14.86,1.69%,8374337900,0.57%
SZ300124,汇川技术,71.47,1.53%,1.08,-0.10%,0.02,26929956,1.12%,0.89,20251231,75.33,-5.12%,200--,70.28,70.39,71.98,70.01,34.11,5.63,39.17,2.80%,193485630000,1.69%
920002,万达轴承,92.23,-0.60%,-0.56,0.00%,0.02,402181,1.28%,0.56,--,--,--,8487--,92,92.79,93.49,92,65.98,5.69,75.26,1.61%,4196738700,0.25%
SZ301078,孩子王,9.83,1.34%,0.13,-0.20%,-0.09,49877271,3.98%,0.6,20251231,10.37,-5.21%,1200--,9.61,9.7,9.86,9.48,44.46,2.98,-15.62,3.92%,12397621700,2.29%
SH601595,上海电影,26.54,-0.15%,-0.04,0.00%,-0.08,7326400,1.63%,0.75,20251230,29.19,-9.08%,87800--,26.57,26.58,26.93,26.41,63.99,6.87,66.58,1.96%,11895228000,-0.11%
SZ300579,数字认证,29.83,-0.57%,-0.17,-0.03%,-0.09,3344477,1.28%,0.58,20251230,34.99,-14.75%,33500--,29.78,30,30.3,29.58,,10.3,20.08,2.40%,8054100000,0.17%
SZ003040,楚天龙,17.83,0.73%,0.13,0.00%,-0.01,5194700,1.14%,0.55,20251230,20.32,-12.25%,75800--,17.68,17.7,17.88,17.56,,5.87,-54.78,1.81%,8222054400,0.85%
SZ300777,中简科技,41.4,1.22%,0.5,-0.05%,0.12,12801997,3.02%,0.67,20251230,38.79,6.73%,300--,40.54,40.9,42.29,40.5,47.08,4.07,75.57,4.38%,18203892000,2.12%
SH600481,双良节能,7.66,0.39%,0.03,0.00%,-0.16,90488284,4.38%,0.49,20251229,6.34,20.82%,810100--,7.57,7.63,7.8,7.48,,3.48,27.27,4.19%,15811480000,1.19%
SZ002544,普天科技,29.98,2.53%,0.74,0.00%,0.03,10781833,1.58%,0.7,20251229,33.93,-11.64%,109730--,29.01,29.24,30.41,28.92,871.6,5.46,-47.69,5.10%,20402406000,3.34%
SZ000523,红棉股份,3.73,3.04%,0.11,0.00%,0.27,34987161,2.64%,0.84,20251226,4.05,-7.90%,590700--,3.61,3.62,3.74,3.6,78.64,3.62,-1.15,3.87%,6846297400,3.32%
SZ002428,云南锗业,43.19,-2.26%,-1,0.00%,-0.57,45340394,6.94%,0.39,20251226,30.87,39.91%,525800--,44.43,44.19,44.96,42.9,1166,19.38,40.38,4.66%,28208253000,-2.79%
SH601677,明泰铝业,16.79,-2.89%,-0.5,0.00%,-0.19,37934531,3.11%,0.82,20251226,14.69,14.30%,487800--,17.01,17.29,17.02,16.65,11.15,1.12,59.4,2.14%,20878762000,-1.29%
SH601600,中国铝业,13.97,-5.54%,-0.82,-0.07%,-0.33,375445880,2.85%,0.85,20251226,11.84,17.99%,3131450--,14.39,14.79,14.39,13.71,16.53,3.26,-23.22,4.60%,239654950000,-2.92%
SH600515,海南机场,4.06,1.00%,0.04,-0.25%,0.06,79393872,0.87%,0.71,20251226,5.54,-26.71%,993400--,4.01,4.02,4.07,3.97,540.6,1.97,-17.39,2.49%,46386757000,1.25%
SZ002805,丰元股份,17.82,5.69%,0.96,0.00%,3.08,57766823,20.74%,3.05,20251226,18.88,-5.61%,500400--,18.55,16.86,18.55,17.6,,5.05,-11.46,5.63%,4990713900,-3.94%
SZ002756,永兴材料,68.88,0.26%,0.18,0.00%,-0.01,14318318,3.68%,0.51,20251226,55.51,24.09%,137440--,67.5,68.7,70.37,66.68,52.39,2.97,57.77,5.37%,37133314000,2.04%
SZ002136,安 纳 达,14.38,4.89%,0.67,-0.28%,0.28,21278201,9.92%,0.82,20250519,12.17,18.16%,425000--,13.73,13.71,14.54,13.57,,2.74,-43.77,7.08%,3091987600,4.73%
SH603069,海汽集团,20.18,0.85%,0.17,0.00%,-0.02,2987500,0.95%,0.59,20250723,23.68,-14.78%,37500--,19.95,20.01,20.19,19.85,,7.88,-7.99,1.70%,6376880000,1.15%
SH688158,优刻得-W,37.82,4.50%,1.63,0.08%,1.05,41564221,10.25%,0.84,20250731,27.22,38.94%,200--,35.75,36.19,37.98,35.62,,7.15,18.71,6.52%,17257458000,5.79%
SZ300291,百纳千成,7.63,0.66%,0.05,-0.13%,-0.12,11684100,1.26%,0.55,20250818,7.01,8.84%,600--,7.5,7.58,7.68,7.42,,2.35,10.72,3.43%,7186618000,1.73%
920077,吉林碳谷,17.31,1.05%,0.18,0.00%,-0.04,4210583,1.33%,0.52,--,--,--,55574--,17.15,17.13,17.5,17.06,58.7,3.85,71.71,2.57%,10172772300,0.93%
SH601698,中国卫通,37.3,0.13%,0.05,0.00%,0.02,59989015,1.42%,0.63,20251226,26.55,40.49%,675100--,37.06,37.25,37.99,36.73,413.6,9.93,12.4,3.38%,157569580000,0.65%
SH600793,宜宾纸业,19.79,0.97%,0.19,0.00%,-0.08,2381100,1.35%,0.61,--,--,--,32600--,19.5,19.6,19.84,19.39,174,14.71,-31.87,2.30%,3500930200,1.49%
SZ002466,天齐锂业,51.99,-0.69%,-0.36,0.00%,-0.04,25490905,1.73%,0.62,20251225,55.53,-6.37%,207905--,52.34,52.35,53,51.92,369.8,1.97,74.73,2.06%,88707677000,-0.67%
SZ002031,巨轮智能,7.29,0.69%,0.05,0.00%,0.22,32795929,1.69%,0.57,20251225,7.91,-7.84%,600900--,7.19,7.24,7.32,7.15,,7.55,-27.69,2.35%,16033594000,1.39%
SZ300607,拓斯达,28.12,0.82%,0.23,0.00%,-0.05,6161626,1.86%,0.61,20251208,29.93,-6.05%,700--,27.75,27.89,28.25,27.67,203.9,4.71,-80.46,2.08%,13412464200,1.33%
SH603678,火炬电子,38.61,0.49%,0.19,0.03%,0.19,9672272,2.03%,0.51,20251225,36.14,6.83%,188000--,38.12,38.42,39.11,37.61,42.99,2.99,31.65,3.90%,18361628000,1.29%
SZ300887,谱尼测试,11.72,6.74%,0.74,0.00%,1.11,43168536,11.92%,2.63,20251224,9.32,25.75%,1300--,10.85,10.98,12.16,10.83,,2.23,29.12,12.11%,6396040100,8.02%
SH600262,北方股份,29.1,-0.31%,-0.09,0.07%,0.03,3271290,1.92%,0.68,20251224,25.68,13.32%,37600--,29.09,29.19,29.43,28.76,20.47,2.81,0.85,2.30%,4947000000,0.03%
SH688662,富信科技,65.75,4.83%,3.03,0.00%,0.79,9495784,10.76%,1.38,20251224,54.84,19.89%,97054--,64.15,62.72,69.59,64.09,145.5,7.94,-69.59,8.77%,5801780000,2.49%
SZ002201,九鼎新材,12.37,0.32%,0.04,0.00%,-0.04,18964474,3.15%,0.56,20251224,10.29,20.21%,312500--,12.33,12.33,12.58,12.13,80.04,6.93,19.5,3.65%,8060740300,0.32%
SH603657,春光科技,28.43,2.75%,0.76,0.04%,0.04,1767700,1.31%,0.89,20251224,32.96,-13.74%,34000--,27.66,27.67,28.51,27.58,596.4,4.08,-0.91,3.36%,3843453100,2.78%
SH605007,五洲特纸,16.79,-0.83%,-0.14,0.30%,-0.34,17930600,4.47%,0.75,20251224,12.9,30.16%,415600--,16.46,16.93,16.98,16.41,33.11,2.33,60.87,3.37%,7987506800,2.00%
SZ002251,步步高,4.66,0.65%,0.03,0.22%,-0.09,51458992,2.39%,0.72,20251224,5.55,-16.04%,1202100--,4.56,4.63,4.67,4.54,41.67,1.53,-45.41,2.81%,12529340600,2.19%
SZ300726,宏达电子,50.16,-1.42%,-0.72,-0.02%,-0.01,6378235,2.97%,0.52,20251223,52.85,-5.09%,89910--,50.71,50.88,51.36,49.82,47.35,4.11,58.05,3.03%,20657887000,-1.08%
SH603322,超讯通信,35.46,0.57%,0.2,0.20%,-0.05,3209687,2.04%,0.64,20251113,44.24,-19.85%,51700--,34.96,35.26,35.47,34.88,70,19.4,-44.44,1.67%,5588027800,1.43%
SZ000633,合金投资,7.7,1.58%,0.12,0.13%,0.03,7888700,2.05%,0.51,20251020,6.82,12.90%,89300--,7.55,7.58,7.72,7.48,306.4,15.09,-38.39,3.17%,2965319100,1.99%
SH600827,百联股份,8.65,0.93%,0.08,-0.12%,-0.03,6285380,0.39%,0.65,20251222,9.58,-9.71%,136000--,8.6,8.57,8.67,8.55,39.23,0.778,-42.32,1.40%,15433054000,0.58%
SH688679,通源环境,43.61,0.97%,0.42,-0.34%,-0.14,2495105,1.89%,0.78,20250922,19.95,118.60%,20104--,43,43.19,44.2,42.57,,5.22,-51.22,3.77%,5742986700,1.42%
SZ002338,奥普光电,53.47,0.98%,0.52,0.02%,-0.01,2781630,1.16%,0.61,20251222,57.36,-6.78%,31500--,53.9,52.95,54.2,53.06,252.9,9.43,-2.21,2.15%,12832800000,-0.80%
SH603123,翠微股份,14,0.29%,0.04,0.00%,-0.39,52742984,8.09%,0.77,--,--,--,617458--,13.6,13.96,14.2,13.58,,6.12,39.06,4.44%,11182313300,2.94%
SZ000988,华工科技,114.78,7.66%,8.17,-0.01%,0.32,129693070,12.91%,1.1,20251219,75,53.04%,1711900--,106.75,106.61,116.09,106,65.51,10.58,-70.8,9.46%,115411601000,7.52%
SZ002813,路畅科技,27.04,1.35%,0.36,0.04%,-0.06,1298900,1.08%,0.61,20251219,30.71,-11.95%,35400--,26.53,26.68,27.12,26.3,,13,-7.24,3.07%,3244800000,1.92%
SZ002202,金风科技,28.47,1.68%,0.47,0.00%,0.13,246520320,7.33%,0.96,20251219,16.2,75.74%,2541620--,27.88,28,28.98,27.72,34.9,3.13,8.17,4.50%,120251263000,2.12%
SZ301321,翰博高新,23.46,1.87%,0.43,0.00%,0.22,8352690,5.66%,1.16,20251219,18.25,28.55%,103400--,22.5,23.03,23.58,22.28,,4.5,25.84,5.64%,4373765100,4.27%
SZ300947,德必集团,18.69,1.91%,0.35,-0.05%,-0.14,2597784,1.72%,0.72,20250710,27.51,-32.06%,35700--,18.3,18.34,18.7,18.2,210.9,2.26,15.66,2.73%,2824763500,2.13%
SH603408,建霖家居,12.43,1.06%,0.13,0.00%,0,2098500,0.47%,0.55,20251219,13.65,-8.94%,29400--,12.35,12.3,12.47,12.24,11.97,1.62,22.82,1.87%,5563332400,0.65%
SH600824,益民集团,4.33,1.17%,0.05,0.00%,-0.15,13947577,1.32%,1.06,20251218,4.9,-11.63%,141100--,4.27,4.28,4.34,4.25,178.1,1.89,-30.95,2.10%,4563937200,1.41%
SH601366,利群股份,4.58,1.78%,0.08,0.00%,0.12,12043225,1.29%,0.74,20251218,6.04,-24.17%,269900--,4.48,4.5,4.6,4.46,233.3,1.06,-13.34,3.11%,4273418300,2.23%
SZ300731,科创新源,71.6,-3.41%,-2.53,0.04%,-0.55,12173523,10.13%,0.73,20250822,49.91,43.46%,118300--,72.95,74.13,76.35,71.3,251.1,14.62,87.26,6.81%,9052517200,-1.85%
SZ000797,中国武夷,3.09,1.64%,0.05,0.00%,0.24,22423703,1.43%,0.7,20251218,3.94,-21.57%,422500--,3.02,3.04,3.09,3,,0.961,-31.57,2.96%,4853630500,2.32%
01519,极兔速递-W,9.85,1.97%,0.19,0.41%,0.01,17034373,0.19%,0.57,20251218,10.43,-5.56%,1400400--,9.58,9.66,9.91,9.58,64.63,3.77,33.03,3.42%,87644564000,2.82%
SZ002157,正邦科技,3.32,5.06%,0.16,0.30%,0.49,310808660,4.30%,2.32,20251218,3.49,-4.87%,6165200--,3.15,3.16,3.35,3.14,2787,2.62,-50.85,6.65%,30710540000,5.40%
SH600862,中航高科,26.58,1.88%,0.49,0.00%,0.02,35121070,2.52%,0.99,20251218,22.08,20.38%,276500--,25.95,26.09,27.3,25.75,34.44,4.97,-3.18,5.94%,37027245000,2.43%
920834,三维装备,14.53,-1.09%,-0.16,0.00%,0.07,973285,1.55%,0.74,--,--,--,19190--,14.56,14.69,14.68,14.4,34.62,5.65,-18.43,1.91%,1743600100,-0.21%
SZ002522,浙江众成,6,0.84%,0.05,0.00%,-0.06,24540954,2.71%,0.65,20250220,4.98,20.48%,239500--,5.91,5.95,6.02,5.86,85.47,2.35,-44.42,2.69%,5434676300,1.52%
SZ301018,申菱环境,106.66,3.83%,3.93,-0.04%,0.24,12350306,6.21%,0.91,20251218,59.31,79.83%,135800--,103.09,102.73,109.77,102.62,141.8,10.7,21.65,6.96%,28377166000,3.46%
SZ002759,天际股份,33.87,-2.59%,-0.9,0.00%,-0.74,29257281,5.84%,0.87,20250625,10.4,225.67%,409300--,34.53,34.77,34.98,33.75,,5.47,8.63,3.54%,16981829000,-1.91%
SZ000733,振华科技,53.49,1.06%,0.56,0.00%,0.02,15439051,2.79%,0.74,20251217,48.07,11.28%,107400--,52.69,52.93,54.55,52.33,35.68,1.94,3.64,4.19%,29642523000,1.52%
SH600498,烽火通信,52.76,-7.06%,-4.01,0.10%,-1.56,137240800,10.79%,0.93,20251217,26.06,102.46%,2355060--,55.5,56.77,56.13,52.4,104.8,4.5,43.18,6.57%,71656916000,-4.94%
SZ300782,卓胜微,82.22,-0.66%,-0.55,0.00%,-0.26,9506487,2.12%,0.62,20251217,78.69,4.49%,100--,82.96,82.77,83.33,81.31,,4.44,-58.96,2.44%,43983030000,-0.89%
920371,欧福蛋业,10.82,-0.09%,-0.01,0.00%,-0.23,2180910,1.12%,0.62,20251027,10.68,1.31%,28586--,10.8,10.83,10.93,10.77,25.21,3.61,48.86,1.48%,2222920700,0.19%
SZ300552,万集科技,30.79,-2.07%,-0.65,0.00%,-0.21,5061598,3.67%,0.66,20251216,28.06,9.73%,90500--,31.11,31.44,31.35,30.76,,3.65,-8.87,1.88%,6562368500,-1.03%
SZ002607,中公教育,2.87,0.35%,0.01,0.00%,-0.17,176750820,3.22%,0.53,20251216,2.77,3.61%,2599800--,2.87,2.86,2.88,2.82,144.3,21.68,9.4,2.10%,17700436000,0.00%
SZ001317,三羊马,50.51,0.24%,0.12,0.00%,-0.02,1474326,1.72%,0.57,20251216,52,-2.87%,11300--,50.3,50.39,51.18,50.16,,4.82,-64.1,2.02%,4321928500,0.42%
SZ001318,阳光乳业,14.7,2.44%,0.35,0.14%,-0.07,3266756,1.16%,0.96,20251215,16.21,-9.32%,28100--,14.33,14.35,14.74,14.27,35.66,2.88,-55.4,3.28%,4155102000,2.58%
SZ002697,红旗连锁,5.71,0.88%,0.05,0.00%,-0.08,22865396,2.00%,0.71,20251215,6.23,-8.35%,236800--,5.62,5.66,5.72,5.6,15.22,1.66,-31.11,2.12%,7765600000,1.60%
SZ000825,太钢不锈,5.13,-0.39%,-0.02,-0.20%,-0.12,55694703,0.98%,0.54,20251215,4.86,5.56%,756600--,5.12,5.15,5.19,5.05,38.58,0.882,-15.85,2.72%,29221751000,0.20%
SZ000738,航发控制,26.27,3.51%,0.89,-0.08%,0.06,60436931,4.60%,1.14,20251215,19.52,34.58%,312200--,25.13,25.38,27.39,25.07,64.63,2.76,-44.24,9.14%,34549884000,4.54%
00981,中芯国际,61.8,0.49%,0.3,4.13%,0.04,70796224,1.18%,1.09,20251215,64.7,-4.48%,28264500--,61.65,61.5,63.6,61.1,93.03,2.96,81.58,4.07%,494485200000,0.24%
SZ002430,杭氧股份,31.7,0.44%,0.14,0.00%,-0.01,11446185,1.17%,0.71,20251215,30.6,3.59%,118700--,31.31,31.56,32.29,31.26,30.72,3.21,61.29,3.26%,31013835000,1.25%
SZ300724,捷佳伟创,113.92,-0.26%,-0.3,0.01%,-0.04,11258095,3.91%,0.65,20251212,91.1,25.05%,200--,113.37,114.22,116.16,112.28,11.07,2.96,79.37,3.40%,39677425000,0.49%
SH600678,四川金顶,11.46,1.33%,0.15,0.00%,-0.14,10204100,2.92%,0.6,20251212,14.14,-18.95%,191000--,11.26,11.31,11.47,11.2,93.57,14.18,-32.67,2.39%,3999425400,1.78%
SZ002498,汉缆股份,9.83,9.96%,0.89,0.00%,-0.01,331781360,9.97%,1.39,20251212,4.04,143.32%,248300--,9.54,8.94,9.83,9.39,55.21,3.67,100,4.92%,32702405000,3.04%
SZ301439,泓淋电力,17.47,0.69%,0.12,0.12%,0.06,10756332,5.87%,1.2,--,--,--,1000--,17.39,17.35,17.61,17.24,35.71,2.3,19.61,2.13%,6797608600,0.46%
920639,晨光电缆,9.03,0.11%,0.01,0.00%,-0.7,13591999,11.45%,2.06,--,--,--,70777--,8.9,9.02,9.42,8.9,41.25,2.13,18.65,5.76%,1820448000,1.46%
SH688110,东芯股份,144.33,6.45%,8.74,0.01%,0.05,29100287,6.58%,1.45,20251212,117.6,22.73%,3345--,136.88,135.59,146.88,136.88,,18.67,26.38,7.38%,63829908000,5.44%
SZ002438,江苏神通,18.14,0.17%,0.03,0.06%,-0.07,11245695,2.40%,0.68,20251212,16.12,12.53%,98700--,18.11,18.11,18.48,17.81,29.47,2.51,30.12,3.70%,9206729500,0.17%
SH601611,中国核建,16.56,-1.37%,-0.23,0.00%,-0.52,125079172,4.15%,1.15,20251212,13.01,27.29%,1409700--,16.71,16.79,16.97,16.42,33.83,2.29,-17.98,3.28%,49909095000,-0.90%
SH601619,嘉泽新能,6.77,-3.56%,-0.25,0.00%,-0.39,136782020,5.62%,0.83,20251212,4.63,46.22%,838800--,6.99,7.02,7.15,6.75,24.87,2.45,62.12,5.70%,19719426000,-3.15%
SH600192,长城电工,9.99,1.52%,0.15,0.10%,0.06,19847077,4.49%,1.31,20251212,9.78,2.15%,240500--,9.75,9.84,10.08,9.71,,4.35,-18.16,3.76%,4413062500,2.46%
SH600865,百大集团,12.49,1.63%,0.2,0.00%,-0.1,7721989,2.05%,0.86,20251212,11.88,5.13%,51300--,12.23,12.29,12.51,12.2,147,2.05,-54.08,2.52%,4699241500,2.13%
SZ003009,中天火箭,71.89,-2.77%,-2.05,0.00%,-0.13,7928859,5.10%,0.6,20251212,62.5,15.02%,140500--,72.61,73.94,73.5,71.01,,7.25,41.87,3.37%,11174097600,-0.99%
SH511880,银华日利ETF,100.243,-0.01%,-0.008,0.00%,0,212428240,26.45%,1.19,20251211,101.15,-0.89%,156900--,100.25,100.251,100.255,100.237,0,0,-41.09,0.02%,80493645000,-0.01%
SZ300433,蓝思科技,32.41,0.06%,0.02,0.06%,-0.01,40932710,0.82%,0.61,20250717,24.12,34.37%,200--,32.22,32.39,32.58,31.95,45.13,3.18,24.23,1.95%,171083990000,0.59%
01359,中国信达,1.18,2.61%,0.03,0.86%,0.09,60096853,0.44%,0.56,20251210,1.37,-13.87%,1744000--,1.14,1.15,1.19,1.14,11.66,0.22,-17.72,4.35%,45034151000,3.51%
SZ001335,信凯科技,43.81,1.18%,0.51,-0.09%,-0.34,1190634,5.08%,0.63,20251209,46.56,-5.91%,8500--,42.92,43.3,43.92,42.8,48.05,4.27,71.66,2.59%,4106730100,2.07%
SZ300065,海兰信,27.76,2.78%,0.75,0.04%,1.09,111697586,17.00%,0.72,20251208,17.88,55.26%,700--,26.6,27.01,28.61,26.12,377.4,11.4,24.73,9.22%,20029927000,4.36%
SH605136,丽人丽妆,10.56,2.42%,0.25,0.10%,0.01,7845600,1.96%,0.8,20251208,11.54,-8.49%,101500--,10.2,10.31,10.56,10.2,,1.73,-28.11,3.49%,4228841800,3.53%
SZ300965,恒宇信通,58.71,1.02%,0.59,-0.19%,-0.09,727781,1.31%,0.42,20250813,81.3,-27.79%,6700--,57.63,58.12,59.22,57.3,102.7,2.86,16.67,3.30%,3522600000,1.87%
SH688499,利元亨,53.77,1.72%,0.91,0.06%,0.08,3306928,1.96%,0.69,20250718,48.64,10.55%,46593--,52.82,52.86,54.13,52.14,178,3.92,52.03,3.76%,9072532000,1.80%
SH600497,驰宏锌锗,9.83,-1.90%,-0.19,0.00%,-0.1,106073809,2.10%,0.41,20251208,6.74,45.85%,911700--,9.86,10.02,9.98,9.66,28.07,2.96,62.66,3.19%,49546940000,-0.30%
SZ000547,航天发展,32.66,3.32%,1.05,-0.03%,0.66,413923340,26.05%,1.58,20251205,20.57,58.77%,5889700--,31.2,31.61,33.99,31.2,,11.11,-88.33,8.83%,52205974000,4.68%
SZ300666,江丰电子,148.37,-2.07%,-3.13,0.09%,-0.48,10132097,4.58%,0.65,20251205,87.32,69.92%,500--,150.48,151.5,151.93,146.78,81.79,7.96,36.75,3.40%,39365630000,-1.40%
SZ300346,南大光电,51.56,-1.34%,-0.7,-0.02%,-0.29,24322524,3.70%,0.64,20251205,41,25.76%,100--,52.17,52.26,52.66,51.5,88.86,10.36,20.22,2.22%,35636050000,-1.17%
SH688126,沪硅产业,19.57,0.36%,0.07,-0.05%,-0.01,18535377,0.68%,0.49,20251205,21.68,-9.73%,216486--,19.38,19.5,19.72,19.36,,3.23,30.04,1.85%,64679308000,0.98%
SZ300699,光威复材,38.68,2.57%,0.97,0.05%,-0.01,22620270,2.75%,0.77,20251205,30.01,28.89%,158100--,37.47,37.71,39.44,37.37,53.47,5.66,45.4,5.49%,32156695000,3.23%
SZ002149,西部材料,49.49,0.94%,0.46,0.02%,0.5,57537713,11.79%,0.71,20251205,20.52,141.18%,738700--,48.53,49.03,51,47.74,261.7,8.29,15.07,6.65%,24161724000,1.98%
SZ300174,元力股份,16.94,2.73%,0.45,0.00%,0.06,9470122,2.61%,0.99,20251205,15.47,9.50%,75100--,16.41,16.49,17.26,16.34,26.82,1.78,-68.58,5.58%,6169723500,3.23%
SH688320,禾川科技,33.54,1.73%,0.57,0.00%,-0.07,1909468,1.26%,0.64,20251205,35.69,-6.02%,32905--,32.84,32.97,33.59,32.62,,4.14,50.85,2.94%,5064998400,2.13%
SH688160,步科股份,115.87,0.58%,0.67,0.49%,0,925025,1.02%,0.58,20251205,107.88,7.41%,23635--,115.2,115.2,116.88,113.8,144.4,8.12,6.32,2.67%,10524727700,0.58%
SZ000811,冰轮环境,21.14,2.22%,0.46,0.00%,0.19,35265495,3.60%,0.9,20251205,14.73,43.52%,408700--,20.66,20.68,21.45,20.29,36.76,3.41,12.01,5.61%,20980985000,2.32%
SZ300377,赢时胜,20.6,3.15%,0.63,-0.05%,0.16,38003619,5.50%,0.87,20251117,18.19,13.25%,100--,19.8,19.97,20.97,19.73,,6.14,-29.84,6.21%,15470663000,4.04%
SH600619,海立股份,18.32,0.94%,0.17,0.00%,-0.04,12960660,1.64%,0.58,20251205,20.62,-11.15%,226100--,18.06,18.15,18.38,17.98,266.5,3.21,-48.78,2.20%,19663670000,1.44%
SH600730,中国高科,9.88,1.96%,0.19,0.10%,0.02,6619100,1.13%,0.51,20250318,7.01,40.94%,272100--,9.69,9.69,9.94,9.61,,3.24,23.96,3.41%,5796161300,1.96%
SZ000901,航天科技,25.49,-0.86%,-0.22,0.00%,-0.08,23716966,2.97%,0.57,20250826,18.78,35.73%,330200--,25.48,25.71,25.93,25.22,160.8,4.71,26.13,2.76%,20346154000,0.04%
SH603728,鸣志电器,62.74,0.43%,0.27,0.00%,-0.01,2866330,0.68%,0.5,20251204,67.35,-6.84%,38500--,62.37,62.47,63.09,62.01,395.5,8.87,22.27,1.73%,26280688000,0.59%
SZ301517,陕西华达,60.81,-0.18%,-0.11,-0.07%,-0.18,3291869,3.35%,0.53,20251204,50.03,21.55%,200--,60.7,60.92,61.95,60.28,,6.86,70.59,2.74%,9196745100,0.18%
SZ000960,锡业股份,40.3,-1.80%,-0.74,-0.05%,-0.01,51209062,3.11%,0.51,20251204,27.3,47.62%,349000--,41.43,41.04,41.6,39.68,28.5,3.33,-0.69,4.68%,66310908000,-2.73%
SZ300455,航天智装,25.66,-0.62%,-0.16,0.00%,-0.09,11740924,1.66%,0.52,20251203,28.34,-9.46%,300--,25.6,25.82,26.28,25.3,,10.92,25.32,3.80%,18417925000,0.23%
SH605598,上海港湾,50.89,-0.57%,-0.29,0.04%,-0.04,2569637,1.06%,0.64,20251203,45.59,11.63%,16900--,50.95,51.18,51.87,50.7,117.9,6.85,37.63,2.29%,12446920900,-0.12%
SZ000333,美的集团,76.52,0.33%,0.25,-0.05%,0.04,20662879,0.30%,0.83,20251203,82.41,-7.15%,278160--,76.22,76.27,76.72,75.76,11.52,2.67,79.21,1.26%,581761640000,0.39%
SZ000049,德赛电池,25.4,0.47%,0.12,-0.04%,-0.02,3185445,0.83%,0.58,20251202,29.22,-13.07%,39400--,25.32,25.28,25.56,25.2,32.48,1.47,11.77,1.42%,9769818800,0.32%
920876,慧为智能,27.23,-4.59%,-1.31,0.00%,-1.51,4653354,12.07%,1.18,20251201,27.23,0.00%,89713--,27.5,28.54,28.27,26.8,576.6,6.81,56.22,5.15%,1747639300,-0.98%
SZ002862,实丰文化,16.77,-4.34%,-0.76,0.00%,-1.1,11214985,8.88%,1.89,20251128,22.82,-26.51%,205300--,17.01,17.53,17.03,16.54,,7.04,10.94,2.80%,2817360000,-1.41%
SH600977,中国电影,13.92,0.65%,0.09,0.07%,-0.01,23734768,1.27%,0.52,20251128,17.29,-19.49%,482700--,13.8,13.83,13.96,13.71,293.7,2.35,10.86,1.81%,25988640000,0.87%
SZ002145,钛能化学,5.53,2.22%,0.12,-0.18%,-0.02,104087463,2.79%,0.84,20251128,5.1,8.43%,957665--,5.38,5.41,5.6,5.35,49.95,1.74,25.22,4.62%,21050897000,2.79%
SZ300342,天银机电,42.62,0.14%,0.06,-0.05%,0.04,23114424,5.52%,0.53,20251128,19.68,116.57%,600--,42.11,42.56,43.46,41.81,559.8,11.55,24.68,3.88%,18114997000,1.21%
SH600597,光明乳业,7.88,1.16%,0.09,0.00%,0.04,8250072,0.60%,0.85,20251128,8.23,-4.25%,159662--,7.77,7.79,7.89,7.76,93.41,1.15,-47.06,1.67%,10862373300,1.42%
SZ002601,龙佰集团,21.46,-0.37%,-0.08,0.00%,0.09,39136013,1.97%,0.96,20251128,18.36,16.88%,221400--,21.31,21.54,21.72,20.84,22.92,2.18,9.35,4.09%,51165963000,0.70%
SZ000545,金浦钛业,3.75,9.97%,0.34,0.00%,6.71,210568760,21.37%,1.23,20251128,3.17,18.30%,148600--,3.41,3.41,3.75,3.4,,4.06,100,10.26%,3700624100,9.97%
SH600756,浪潮软件,16.09,0.88%,0.14,0.00%,-0.09,5384502,1.66%,0.47,20251128,23.4,-31.24%,78000--,15.86,15.95,16.16,15.78,,2.37,-19.31,2.38%,5625526600,1.45%
SZ301159,三维天地,46.15,4.11%,1.82,0.07%,0.05,2715700,5.12%,0.96,20251127,44.5,3.71%,17000--,44.29,44.33,46.33,44.04,,6.12,84.19,5.17%,3569702500,4.20%
SH600246,万通发展,10.88,0.37%,0.04,0.00%,-0.01,44172133,2.34%,0.67,20251126,12.68,-14.20%,528100--,10.79,10.84,10.99,10.73,,3.92,50.39,2.40%,21139704000,0.83%
SZ000039,中集集团,13.4,-0.45%,-0.06,0.38%,-0.48,78975880,3.43%,0.82,20251126,9.35,43.32%,860450--,13.38,13.46,13.7,13.17,34.62,1.49,76.27,3.94%,72259773000,0.15%
SH600868,梅雁吉祥,3.87,0.26%,0.01,0.00%,-0.12,71280500,3.76%,0.49,20251126,3.16,22.47%,859900--,3.83,3.86,3.9,3.78,,3.79,-16.2,3.11%,7345835400,1.04%
SH688099,晶晨股份,91.02,3.82%,3.35,-0.04%,0.22,11388578,2.70%,1.1,20251126,95,-4.19%,60796--,86.5,87.67,92.11,86.5,44,5.22,-60.37,6.40%,38334494000,5.23%
SZ002512,ST达华,4.91,-5.03%,-0.26,0.00%,-0.01,476000,0.04%,0.03,20251126,6.04,-18.71%,21800--,4.91,5.17,4.91,4.91,,14.06,-100,0.00%,5462358500,0.00%
SZ301668,昊创瑞通,57.26,2.84%,1.58,-0.11%,0.68,4811485,20.88%,1.94,20251126,52.33,9.42%,200--,55.98,55.68,58.3,55.39,51.18,6.02,-3.94,5.23%,6298600000,2.29%
SZ001299,美能能源,13.74,-2.14%,-0.3,-0.29%,0.05,9693948,4.44%,0.72,20250606,11.03,24.57%,264700--,14,14.04,14.05,13.5,32.89,2.7,-38,3.92%,3333854400,-1.86%
SZ000756,新华制药,15.38,1.52%,0.23,0.00%,-0.02,5768397,1.16%,0.77,20250516,15.65,-1.73%,83300--,15.11,15.15,15.39,15.07,31.36,2.06,-26.46,2.11%,10714991200,1.79%
SZ002927,泰永长征,22.06,5.10%,1.07,0.00%,1.42,28649757,12.98%,2.28,20250318,17.42,26.64%,307200--,21,20.99,23,20.88,111,4.76,-33.38,10.10%,4923619500,5.05%
SZ002752,昇兴股份,6.39,1.75%,0.11,-0.16%,0.08,8697855,0.89%,0.65,20250314,6.03,5.97%,128300--,6.24,6.28,6.4,6.23,21.62,1.81,-15.67,2.71%,6242509000,2.40%
SH688523,航天环宇,71.94,1.07%,0.76,0.00%,0.26,16070647,16.65%,1.25,20251125,34.48,108.64%,333815--,70,71.18,76.88,67.81,681.9,17.46,64.27,12.74%,29270947000,2.77%
SH688670,金迪克,19.15,4.08%,0.75,0.42%,-0.05,1610837,1.31%,0.95,20251125,25.75,-25.63%,43963--,18.32,18.4,19.15,18.32,,2.14,68.58,4.51%,2359280000,4.53%
SH600592,龙溪股份,22.54,0.85%,0.19,0.00%,0.01,5221573,1.31%,0.58,20251125,26.61,-15.30%,45800--,22.23,22.35,22.9,22.1,57.75,3.54,0.93,3.58%,9005937500,1.39%
SZ300418,昆仑万维,53.21,1.01%,0.53,-0.04%,-0.04,42009525,3.35%,0.47,20251125,45.69,16.46%,500--,52.01,52.68,53.25,51.97,,4.76,37.22,2.43%,66797543000,2.31%
SH600661,昂立教育,10.33,1.87%,0.19,0.00%,-0.02,4642400,1.62%,0.61,20251125,10.79,-4.26%,70800--,10.09,10.14,10.35,10.09,48.33,22,-70.59,2.56%,2960049400,2.38%
SZ300031,宝通科技,21.22,0.43%,0.09,0.00%,0.04,5499750,1.56%,0.5,20251125,22.6,-6.11%,77100--,21,21.13,21.23,20.93,31.92,2.19,13.83,1.42%,8885804900,1.05%
SZ002659,凯文教育,5.85,2.27%,0.13,0.17%,0.01,13553300,2.27%,0.61,20251125,6.25,-6.40%,140200--,5.68,5.72,5.85,5.67,2744,1.62,-9.13,3.15%,3499940200,2.99%
SH600764,中国海防,28.57,1.10%,0.31,-0.04%,-0.03,9206111,1.30%,0.71,20251125,32.95,-13.29%,100300--,28.07,28.26,28.94,27.98,98.76,2.46,47.49,3.40%,20302682000,1.78%
SZ301315,威士顿,54.45,2.41%,1.28,0.06%,-0.16,1451575,3.92%,0.67,20251027,55.19,-1.34%,32600--,52.6,53.17,54.47,52.55,167.3,4.71,-3.64,3.61%,4791600000,3.52%
SZ003018,金富科技,27.1,-3.01%,-0.84,0.04%,0.18,15566626,15.89%,0.77,20250708,11.91,127.54%,325400--,27.51,27.94,27.52,25.95,56.56,4.42,75.07,5.62%,7046000000,-1.49%
SZ002389,航天彩虹,27.61,-5.77%,-1.69,-0.04%,-1.58,138686310,14.08%,1.07,20251124,22.9,20.57%,1835000--,28.7,29.3,28.8,26.96,3364,3.4,-31.28,6.28%,27193531000,-3.80%
SH603888,新华网,21.39,0.00%,0,0.00%,0,9108620,1.35%,0.53,20251124,20.33,5.21%,136300--,21.2,21.39,21.58,21.2,53.21,3.92,36.88,1.78%,14432649000,0.90%
SZ002059,云南旅游,5.11,2.61%,0.13,0.00%,0.05,11692976,1.19%,0.87,20251124,6.02,-15.12%,247900--,4.99,4.98,5.12,4.97,,4.03,3.44,3.01%,5173541900,2.40%
SZ300620,光库科技,162.16,-1.36%,-2.24,0.00%,-0.31,13634261,5.52%,0.79,20251121,110.5,46.75%,100--,161.02,164.4,166.43,156,262.8,19.46,64.05,6.34%,40407117000,0.71%
SZ002612,朗姿股份,17.64,2.02%,0.35,-0.11%,-0.1,5770402,2.27%,0.74,20251121,20.62,-14.45%,125600--,17.25,17.29,17.69,17.15,5.92,2.29,10.77,3.12%,7804736400,2.26%
SZ002264,新 华 都,9.45,0.64%,0.06,0.00%,-0.06,17003438,2.60%,0.51,20250905,7.3,29.45%,183800--,9.35,9.39,9.48,9.27,28.67,3.41,-3.27,2.24%,6802216800,1.07%
SZ300058,蓝色光标,16.51,-0.78%,-0.13,0.00%,-0.29,196913400,5.66%,0.54,20251121,9.29,77.72%,1300--,16.51,16.64,16.7,16.39,227.2,7.47,30.75,1.86%,59274552000,0.00%
SH605398,新炬网络,31.39,2.48%,0.76,0.00%,-0.01,5690120,3.50%,0.87,20251121,33.61,-6.61%,173900--,30.31,30.63,32.39,30.3,377,4.96,-21.92,6.82%,5107667100,3.56%
920770,艾能聚,18,0.06%,0.01,0.00%,-0.12,2379520,2.91%,0.49,20251120,26,-30.77%,57071--,18,17.99,18.22,17.85,35.48,3.8,79.82,2.06%,2342379200,0.00%
SH688486,龙迅股份,69.42,1.36%,0.93,0.00%,0.01,1147872,0.86%,0.44,20251120,75.15,-7.62%,22168--,68.35,68.49,70.23,68.01,53.84,5.9,-39.88,3.24%,9255607700,1.57%
SH600152,维科技术,9.39,-1.88%,-0.18,0.00%,-0.35,47126900,8.91%,0.77,20251119,8.83,6.34%,545700--,9.57,9.57,9.62,9.28,,2.92,-27.01,3.55%,4968055300,-1.88%
SH600346,恒力石化,25.36,-0.08%,-0.02,-0.04%,-0.02,40657960,0.58%,0.58,20251119,19.57,29.59%,217705--,25.01,25.38,25.66,24.4,26.66,2.76,-36.3,4.96%,178511570000,1.40%
SZ002878,元隆雅图,17.07,-0.52%,-0.09,0.00%,-0.57,9861500,4.18%,0.96,20251119,20.97,-18.60%,80000--,16.96,17.16,17.17,16.63,373.3,3.48,83.78,3.15%,4472198800,0.65%
SZ300781,因赛集团,39.42,1.91%,0.74,0.13%,0.27,5208435,4.30%,0.75,20251119,39.57,-0.38%,77300--,38.59,38.68,39.59,38.4,177.3,9.69,-29.41,3.08%,6471791900,2.15%
SZ002127,南极电商,3.03,1.34%,0.04,0.00%,0.04,22834401,1.14%,0.77,20251119,3.67,-17.44%,943000--,2.98,2.99,3.03,2.96,130.4,1.78,36.16,2.34%,7438257300,1.68%
SH601133,柏诚股份,15.98,-1.54%,-0.25,-0.06%,-0.68,11114156,7.44%,0.6,20251118,13.16,21.43%,140500--,16.11,16.23,16.27,15.96,47.6,2.88,4.18,1.91%,8437734400,-0.81%
SH603929,亚翔集成,135.25,-1.13%,-1.55,-0.13%,-0.04,2505483,1.17%,0.56,20251118,58.18,132.47%,25569--,136.8,136.8,141,135.17,48.91,15.46,21.68,4.26%,28856940000,-1.13%
SZ300166,东方国信,12.7,5.66%,0.68,-0.08%,0.29,122941690,13.57%,1.23,20251118,11.49,10.53%,400--,11.86,12.02,12.98,11.75,,2.47,-54.49,10.23%,14462071000,7.08%
SZ300658,延江股份,30.26,10.32%,2.83,0.17%,1.48,49981388,22.16%,1.11,20251118,10.97,175.84%,200--,27.74,27.43,30.66,26.3,177.7,7.5,83.15,15.90%,10069441800,9.08%
SH688365,光云科技,20.89,1.16%,0.24,0.58%,0.05,8147753,1.91%,0.59,20251118,16.45,26.99%,267990--,20.53,20.65,21.05,20.46,,9.41,-23.39,2.86%,8895477600,1.75%
SZ003022,联泓新科,20.39,1.19%,0.24,0.00%,0.03,9964606,0.75%,0.77,20251117,22.39,-8.93%,100700--,20.01,20.15,20.58,19.6,87.88,3.69,14.85,4.86%,27232232000,1.90%
SZ000090,天健集团,3.92,1.29%,0.05,0.26%,0.09,17695954,0.95%,0.74,20251112,3.88,1.03%,98400--,3.85,3.87,3.93,3.84,272.9,0.649,-10.97,2.33%,7324698100,1.82%
SH600459,贵研铂业,23.14,-1.28%,-0.3,-0.04%,-0.2,21965726,2.89%,0.38,20251114,18.71,23.68%,196000--,23,23.44,23.47,22.73,26.34,2.37,41.57,3.16%,17581937000,0.61%
SH600819,耀皮玻璃,8.2,2.12%,0.17,0.00%,0.05,7907710,1.06%,0.69,20251114,9.56,-14.23%,44300--,7.98,8.03,8.21,7.98,48.5,2.09,-57.52,2.86%,8009408000,2.76%
SZ002957,科瑞技术,28.4,-1.29%,-0.37,0.04%,-0.15,23093214,5.52%,0.67,20251114,20.51,38.47%,223400--,28.5,28.77,29.09,27.38,36.24,3.72,75.48,5.94%,11927502000,-0.35%
SH600126,杭钢股份,9.07,3.19%,0.28,0.00%,-0.03,154375390,4.57%,0.8,20251113,9.3,-2.47%,3229340--,8.67,8.79,9.15,8.63,228.4,1.57,-8.99,5.92%,30631105000,4.61%
01910,新秀丽,17.73,2.37%,0.41,-1.50%,0.01,4785847,0.33%,0.44,20251113,19.52,-9.17%,547800--,17.5,17.32,17.99,17.32,13.07,2.23,-30.96,3.87%,25996448000,1.31%
SZ300035,中科电气,19.96,-0.30%,-0.06,-0.05%,-0.12,13244113,2.27%,0.63,20251112,26.46,-24.57%,217600--,19.98,20.02,20.12,19.84,25.54,2.79,23.5,1.40%,13681116000,-0.10%
SZ300360,炬华科技,18.61,2.20%,0.4,0.05%,0.1,27224053,5.44%,1.83,20251111,19.51,-4.61%,3300--,18.27,18.21,18.85,18.27,14.96,2.27,49.25,3.19%,9569022400,1.86%
01896,猫眼娱乐,6.14,2.33%,0.14,0.00%,0.08,4457202,0.38%,0.65,20251111,7.94,-22.67%,49400--,6.04,6,6.17,6,18.23,0.734,-15.25,2.83%,7135594500,1.66%
SZ301398,星源卓镁,58.26,2.03%,1.16,0.03%,0.05,1834840,4.93%,0.68,20250624,39.49,47.53%,19000--,56.61,57.1,60.5,56.53,108.6,5.82,55.54,6.95%,6525120000,2.91%
SZ002218,拓日新能,6.29,1.78%,0.11,0.00%,0.01,106025154,7.61%,0.76,20250701,3.25,93.54%,635200--,6.12,6.18,6.45,6.05,,2.19,30.09,6.47%,8887899300,2.78%
SH603345,安井食品,92.13,0.36%,0.33,0.00%,-0.02,3858977,1.32%,0.84,20251110,78.08,17.99%,24200--,91.8,91.8,93.26,90.53,24.26,2.03,60.89,2.97%,30705909000,0.36%
00291,华润啤酒,26.8,4.12%,1.06,0.08%,0.05,15499687,0.48%,0.92,20251110,27.94,-4.08%,7542000--,25.74,25.74,26.8,25.44,6.85,2.19,-28.23,5.28%,86943941000,4.12%
SZ300751,迈为股份,261.52,-1.31%,-3.48,0.00%,0.01,5742850,2.97%,0.66,20251110,115.39,126.64%,400--,263.41,265,268.83,260.21,82.63,9.3,63.05,3.25%,73069997000,-0.72%
SZ002217,合力泰,2.7,-8.16%,-0.24,0.00%,-3.54,676938320,9.30%,5,20250826,3.72,-27.42%,4492200--,2.7,2.94,2.73,2.65,850.4,10.79,34.44,2.72%,20194377000,0.00%
SH688599,天合光能,17.99,1.81%,0.32,-0.11%,0.03,41804271,1.78%,0.69,20251107,22.21,-19.00%,480081--,17.67,17.67,18.15,17.46,,1.91,-17.36,3.90%,42142793000,1.81%
SZ300438,鹏辉能源,47.34,2.36%,1.09,0.02%,0.24,20761402,5.14%,0.52,20251107,52.61,-10.02%,175400--,46.1,46.25,47.99,45.73,156,4.57,51.36,4.89%,23828275000,2.69%
SH600391,航发科技,50.65,6.63%,3.15,0.10%,1.96,37100328,11.24%,1.68,20251107,28.79,75.93%,143651--,46.98,47.5,52.25,46.98,427.7,9.53,70.01,11.09%,16721052000,7.81%
SH600596,新安股份,13.16,1.94%,0.25,-0.15%,0.02,28415896,2.11%,0.9,20251107,10.75,22.42%,229762↑,12.82,12.91,13.3,12.71,186.6,1.43,-24.19,4.57%,17760697000,2.65%
SH603260,合盛硅业,48.76,1.52%,0.73,0.10%,0.01,7224500,0.61%,0.76,20251107,54.85,-11.10%,76200--,47.78,48.03,48.77,47.24,,1.8,-29.86,3.19%,57644410000,2.05%
SH600141,兴发集团,40.06,2.61%,1.02,0.00%,0.15,30753668,2.56%,0.91,20251107,32.24,24.26%,199900↑,38.72,39.04,40.65,38.39,27.39,2.03,48.72,5.79%,48141699000,3.46%
SH688676,金盘科技,102.06,0.87%,0.88,0.01%,0.11,20393770,4.44%,1.23,20251107,92.18,10.72%,200--,103.22,101.18,105.58,99.67,71.1,8.97,38.68,5.84%,46925592000,-1.12%
SH600219,南山铝业,7.44,-4.12%,-0.32,0.00%,-0.21,312814040,2.72%,0.76,20251106,5.08,46.46%,3931100--,7.58,7.76,7.67,7.25,16.99,1.66,30.34,5.41%,85438740000,-1.85%
SZ300775,三角防务,41.1,3.95%,1.56,0.24%,0.14,40700206,7.66%,0.77,20251106,30.59,34.36%,200--,39.07,39.54,41.5,38.85,44.95,3.85,26.69,6.70%,22504234000,5.20%
SH688048,长光华芯,157.5,-7.18%,-12.18,-0.03%,-0.6,15057920,8.54%,0.96,20251106,75.22,109.39%,134--,163.81,169.68,164,151,1422,9.24,-78.5,7.66%,27764091000,-3.85%
SH600185,珠免集团,6.73,1.66%,0.11,-0.30%,0.08,24295339,1.29%,0.59,20250724,6.15,9.43%,359100--,6.6,6.62,6.76,6.57,,22.16,-17.83,2.87%,12686089000,1.97%
SZ300127,银河磁体,35.94,-0.58%,-0.21,0.08%,-0.19,6293994,2.73%,0.54,20251104,33.07,8.68%,50800--,35.95,36.15,36.77,35.61,59.96,7.84,47.09,3.21%,11613880200,-0.03%
SZ002555,三七互娱,23.07,0.17%,0.04,0.00%,0,29475566,1.84%,0.59,20251104,23.44,-1.58%,531300--,22.85,23.03,23.07,22.77,16.32,3.79,17.45,1.30%,51036323000,0.96%
SZ300678,中科信息,31.49,1.98%,0.61,0.00%,-0.17,7140062,2.45%,0.8,20251104,34.22,-7.98%,102100--,30.52,30.88,31.73,30.52,1551,11.03,-33.53,3.92%,9333204400,3.18%
SH600550,保变电气,18.71,-1.68%,-0.32,0.00%,-0.78,205581590,11.16%,1.17,20250401,9.11,105.38%,2236300--,18.68,19.03,19.27,18.56,177.1,44.01,52.45,3.73%,34454998000,0.16%
SH603658,安图生物,35,1.74%,0.6,-0.09%,0.01,1905195,0.33%,0.76,20251103,38.33,-8.69%,19500--,34.33,34.4,35.1,34.32,17.45,2.29,73.38,2.27%,19999867000,1.95%
SH688058,宝兰德,30.4,2.39%,0.71,-0.26%,-0.05,1189844,1.57%,0.46,20251010,32.6,-6.75%,15375--,29.5,29.69,30.48,29.3,,3.64,-50.83,3.97%,2305430900,3.05%
SH600439,瑞贝卡,2.74,1.86%,0.05,0.00%,0.04,12482360,1.10%,0.69,20251031,3.11,-11.90%,132700--,2.68,2.69,2.75,2.68,198.7,1.18,-7.02,2.60%,3101640100,2.24%
SZ002131,利欧股份,8.67,1.17%,0.1,0.00%,0.21,525540340,8.98%,0.63,20251031,5.34,62.36%,7082330--,8.48,8.57,8.75,8.4,74.77,4.44,-13.35,4.08%,58711321000,2.24%
SH688095,福昕软件,79.6,1.34%,1.05,0.00%,0.23,2058614,2.25%,0.71,20251031,107.4,-25.88%,20761--,79.35,78.55,80.16,78.55,264.2,2.77,-31.64,2.05%,7272218100,0.32%
SH688280,精进电动-UW,10.65,3.20%,0.33,0.00%,0.16,25291399,4.86%,0.65,20250827,10.2,4.41%,537590--,10.24,10.32,10.72,10.17,38.86,8.45,-41.83,5.33%,6285860800,4.00%
SZ002790,瑞尔特,8.15,2.39%,0.19,0.00%,0,3512772,1.35%,0.65,20250219,8.04,1.37%,75800--,7.96,7.96,8.15,7.91,41.48,1.62,-26.64,3.02%,3405659200,2.39%
SH688006,杭可科技,26.89,-0.15%,-0.04,-0.11%,0.01,5044959,0.84%,0.64,20251031,34.05,-21.03%,46648--,26.93,26.93,27.17,26.59,41.18,3,-7.38,2.15%,16232744000,-0.15%
SH600026,中远海能,25.24,1.04%,0.26,0.04%,0.39,192767550,5.55%,1.05,--,--,--,1720700--,24.49,24.98,26.18,24.01,38,3.04,12.87,8.69%,137942170000,3.06%
SH603799,华友钴业,69.07,-3.34%,-2.39,0.00%,-0.18,46036099,2.44%,0.93,20251030,62.81,9.97%,348700--,70.4,71.46,70.88,68.68,23.3,2.75,26.94,3.08%,131006968000,-1.89%
SZ002493,荣盛石化,15.24,-1.36%,-0.21,-0.07%,0.03,65814016,0.70%,0.72,20251029,10.12,50.59%,318308--,15.38,15.45,15.46,14.77,128.5,3.48,51.75,4.47%,152239100000,-0.91%
SZ002645,华宏科技,15.34,-0.58%,-0.09,0.20%,-0.1,15369761,2.75%,0.58,20251029,17,-9.76%,88826--,15.38,15.43,15.65,15.22,36.74,2.41,66.04,2.79%,9627389500,-0.26%
SZ002150,正泰电源,27.08,0.93%,0.25,0.11%,0.04,17221060,4.80%,0.96,20250618,11.75,130.47%,197500--,27.2,26.83,27.75,26.48,53.61,4.86,10.1,4.73%,9772327200,-0.44%
SZ002418,康盛股份,4.97,0.20%,0.01,0.20%,-0.04,41036800,3.61%,0.86,20250915,4.72,5.30%,626100--,4.91,4.96,5.02,4.9,306.2,3.92,-50.34,2.42%,5647908000,1.22%
SH600478,科力远,7.73,-0.39%,-0.03,-0.13%,0.11,49260800,2.96%,0.39,20250617,5.52,40.04%,655200--,7.71,7.76,7.85,7.65,73.35,4.44,35.39,2.58%,12874631300,0.26%
SH603876,鼎胜新材,18.84,-0.42%,-0.08,0.00%,0.01,19181814,2.06%,0.57,20251029,11.25,67.47%,208000--,18.93,18.92,19.3,18.46,42.81,2.39,41.7,4.44%,17507394000,-0.48%
SZ000969,安泰科技,24.14,-1.87%,-0.46,0.00%,-0.23,32502755,3.14%,0.48,20251029,23.6,2.29%,331600--,24.29,24.6,24.7,23.95,67.54,4.48,49.15,3.05%,25359538000,-0.62%
SZ300589,江龙船艇,19.51,-0.91%,-0.18,-0.26%,-0.57,31598866,13.64%,0.64,20251028,15.07,29.46%,100--,19.66,19.69,20.24,19.17,,9.37,12.46,5.43%,7368302600,-0.76%
SZ301381,赛维时代,19.97,0.96%,0.19,0.00%,0.03,2457872,1.26%,0.58,20251028,24.01,-16.83%,26600--,19.68,19.78,20.01,19.58,28.81,3.03,54.59,2.17%,8057060300,1.47%
SH600150,中国船舶,38.93,0.44%,0.17,0.00%,0.02,98363388,1.31%,0.83,20251028,36.62,6.31%,846655--,38.55,38.76,39.45,38.43,37.55,2.08,52.61,2.63%,292972440000,0.99%
SZ300581,晨曦航空,15.49,0.39%,0.06,-0.07%,-0.04,10414799,1.89%,0.44,20251010,17.95,-13.70%,161800--,15.35,15.43,15.64,15.21,,8.92,14.29,2.79%,8521196900,0.91%
920706,铁拓机械,26.95,0.75%,0.2,0.00%,-1.24,2630629,6.21%,0.69,--,--,--,65369--,26.5,26.75,27.2,26.49,44.38,4.18,32.53,2.65%,2490321400,1.70%
SZ300474,景嘉微,67.52,0.36%,0.24,0.00%,-0.07,5972091,1.47%,0.43,20251028,75.35,-10.39%,65200--,67,67.28,67.75,66.78,,5.06,29.02,1.44%,35287250000,0.78%
SZ300128,锦富技术,6.93,-0.57%,-0.04,0.00%,0.02,18725599,1.44%,0.55,20251028,8.28,-16.30%,265700--,6.91,6.97,6.97,6.85,,13.61,13.59,1.72%,9002869800,0.29%
SZ002318,久立特材,35.48,4.45%,1.51,0.17%,0.04,12479993,1.31%,1.15,20251027,26.07,36.10%,108700--,33.97,33.97,35.85,33.77,20.61,4.25,-51.45,6.12%,34670017000,4.45%
SZ002213,大为股份,27.99,3.02%,0.82,0.00%,0.27,18599500,9.00%,0.99,20250220,18.2,53.79%,275800--,26.7,27.17,28.08,26.69,,12.21,-61.69,5.12%,6647202900,4.83%
SZ300424,航新科技,18.93,3.44%,0.63,0.00%,0.18,14083007,5.74%,0.97,20250626,16.59,14.10%,119600--,18.28,18.3,19.26,18.24,197.7,6.11,8.53,5.57%,4646086900,3.56%
SH605208,永茂泰,12.9,2.06%,0.26,0.00%,0.03,5108998,1.55%,0.71,20251027,14.26,-9.54%,67300--,12.7,12.64,13.09,12.56,63.62,1.96,-22.04,4.19%,4256226000,1.57%
SH688069,德林海,28.25,3.67%,1,0.21%,0.21,3232810,2.86%,1.57,20251027,24.2,16.74%,32989--,27.23,27.25,28.77,27.01,61.03,2.46,10.19,6.46%,3192250000,3.75%
SZ002171,楚江新材,12.81,-1.23%,-0.16,0.00%,-0.27,37687389,2.34%,0.64,20251027,12.85,-0.31%,508900--,12.85,12.97,13.03,12.74,43.9,2.4,69.4,2.24%,20789834000,-0.31%
SH603920,世运电路,57.49,1.86%,1.05,0.00%,0.47,34891997,4.84%,0.95,20251027,42.99,33.73%,154100--,55.78,56.44,59.65,55.13,49.7,6.21,11.15,8.01%,41426852000,3.07%
SH600855,航天长峰,19.16,-0.10%,-0.02,-0.10%,-0.06,12769264,2.73%,0.44,20251027,15.3,25.23%,167400--,19,19.18,19.42,18.86,,5.86,3.53,2.92%,8977278700,0.84%
SH600792,云煤能源,4.89,0.82%,0.04,0.00%,-0.07,59983700,5.40%,0.75,20251027,4.72,3.60%,666600--,4.75,4.85,4.93,4.58,,1.91,-60.33,7.22%,5427526400,2.95%
SZ301616,浙江华业,50.92,2.43%,1.21,0.04%,0.18,602160,3.01%,0.65,20250811,53.5,-4.82%,5400--,49.3,49.71,51.18,49.3,16.88,2.85,60.77,3.78%,4073600000,3.29%
SZ002215,诺 普 信,11.39,2.24%,0.25,-0.18%,-0.06,19953637,2.48%,0.83,20251024,11.03,3.26%,118400↑,11.1,11.14,11.49,11.06,14.91,2.76,8.64,3.86%,11442779100,2.61%
SH601008,连云港,5.26,-0.57%,-0.03,0.00%,-0.02,40272803,3.25%,0.45,20251024,5.85,-10.09%,313600--,5.25,5.29,5.29,5.13,46.09,1.58,5.39,3.02%,6525755900,0.19%
SZ300223,北京君正,124.53,1.24%,1.53,-0.08%,0.26,20748087,4.93%,0.83,20250822,76,63.86%,300--,121.63,123,125.9,121.26,176.2,4.85,71.39,3.77%,60090796000,2.38%
SH603232,格尔软件,25.82,0.43%,0.11,0.00%,-0.77,37974599,16.42%,1.24,20251024,19.43,32.89%,523100--,24.93,25.71,26.18,24.93,,4.49,38.52,4.86%,6044002300,3.57%
SH688208,道通科技,34.35,2.14%,0.72,-0.09%,0.07,8791421,1.31%,0.75,20251024,37.87,-9.29%,83033--,33.54,33.63,35,33.35,24.62,5.95,58.83,4.91%,23020801000,2.42%
SZ300129,泰胜风能,13.7,1.48%,0.2,0.07%,-0.03,46876585,6.52%,0.79,20250919,7.8,75.64%,200--,13.38,13.5,14.08,13.34,52.6,2.64,62.36,5.48%,15191289000,2.39%
SZ002611,东方精工,16.8,-0.24%,-0.04,0.00%,-0.14,17342601,1.73%,0.5,20251024,18.05,-6.93%,236820--,16.76,16.84,16.91,16.71,30.05,3.75,46.79,1.19%,20450411000,0.24%
SZ300328,宜安科技,18,-1.21%,-0.22,0.06%,-0.25,21780556,3.17%,0.46,20251023,15.63,15.16%,359700--,18.12,18.22,18.33,17.81,27178,11.35,77.05,2.85%,12427624800,-0.66%
SH600309,万华化学,93,4.26%,3.8,-0.02%,0.1,38044628,1.22%,0.86,20251023,62.73,48.25%,316800--,88.65,89.2,93.48,87.6,23.84,2.77,-14.91,6.59%,291133860000,4.91%
SH600435,北方导航,17.85,-3.04%,-0.56,-0.11%,-0.24,63854777,4.22%,0.57,20251023,14.37,24.22%,1227200--,18.3,18.41,18.31,17.71,162.6,9.25,40.97,3.26%,26995586000,-2.46%
SH600496,精工钢构,4.4,1.62%,0.07,-0.23%,0.02,20223249,1.02%,0.91,20251023,4.1,7.32%,187300--,4.32,4.33,4.43,4.3,11.14,0.953,-49.93,3.00%,8756549800,1.85%
SZ000027,深圳能源,7.07,0.71%,0.05,-0.28%,-0.08,37299499,0.78%,0.73,20251023,7.51,-5.86%,403700--,7.01,7.02,7.11,6.97,12.84,1.03,-29.69,1.99%,33634747000,0.86%
SH601099,太平洋,4.04,1.51%,0.06,0.00%,0.19,104543542,1.53%,0.79,20251023,4.52,-10.62%,1594800--,3.97,3.98,4.05,3.96,84.08,2.77,-14.65,2.26%,27537918000,1.76%
SZ002337,赛象科技,6.81,0.89%,0.06,0.15%,-0.06,9218835,1.57%,0.56,20250326,6.08,12.01%,167500--,6.71,6.75,6.84,6.69,60.51,3.04,-73.36,2.22%,4008473300,1.49%
SH688019,安集科技,247.3,-0.68%,-1.7,-0.08%,-0.04,1653714,0.98%,0.49,20251023,207.76,19.03%,16111--,248,249,250.88,247,52.82,11.79,36.35,1.56%,41685494000,-0.28%
SZ301363,美好医疗,29.5,1.97%,0.57,-0.07%,0.1,13969783,3.74%,1.11,20251022,23.83,23.79%,116200--,28.68,28.93,30.48,28.5,60.45,4.53,52.43,6.84%,16781700000,2.86%
SH601100,恒立液压,106.97,0.54%,0.57,-0.03%,0.02,9133166,0.68%,1.06,20251022,93.48,14.43%,93251--,105.8,106.4,108.12,104.55,51.55,8.41,-45.33,3.36%,143427620000,1.11%
SH603590,康辰药业,40.89,2.56%,1.02,-0.02%,-0.09,2080700,1.32%,0.98,20251022,50.49,-19.01%,15800--,39.84,39.87,41.5,39.5,38.13,2.04,-76.63,5.02%,6501938400,2.64%
SH601101,昊华能源,8.44,-1.52%,-0.13,-0.12%,-0.03,20380922,1.42%,0.56,20251022,7.9,6.84%,180620--,8.45,8.57,8.52,8.25,16.45,1.01,-61.56,3.15%,12153582500,-0.12%
SH688037,芯源微,189.79,-8.10%,-16.73,0.00%,-0.54,8053600,3.99%,1.85,20251022,127.04,49.39%,60520--,205.84,206.52,209.58,187.35,533.8,13.7,56.38,10.76%,38266845000,-7.80%
SH601061,中信金属,14.46,-1.57%,-0.23,-0.07%,-0.15,13157190,2.63%,0.55,20251021,11.24,28.65%,162300--,14.55,14.69,14.8,14.44,22.85,3,59.15,2.45%,70854000000,-0.62%
SZ300700,岱勒新材,14.29,-0.14%,-0.02,0.00%,0.07,6399900,2.37%,0.57,20251021,11.83,20.79%,82300--,14.23,14.31,14.5,14.06,,6.54,47.12,3.07%,5673541900,0.42%
SZ300221,银禧科技,10.8,0.47%,0.05,0.09%,-0.27,12917609,2.83%,0.55,20251020,8.35,29.34%,169500--,10.65,10.75,10.92,10.65,45.3,3.56,-13.09,2.51%,5116550600,1.41%
SZ000519,中兵红箭,19.99,-2.20%,-0.45,-0.10%,-0.25,54430524,3.91%,0.48,20251020,19.37,3.20%,673200--,20.08,20.44,20.27,19.8,,2.73,12.26,2.30%,27837254000,-0.45%
SH601111,中国国航,7.69,0.65%,0.05,-0.26%,-0.03,120929616,1.04%,0.95,20251020,8.71,-11.71%,788278--,7.61,7.64,7.74,7.48,53.82,2.89,-34.58,3.40%,134178357000,1.05%
SZ300120,经纬辉开,8.65,-0.23%,-0.02,0.00%,0.03,18851100,3.57%,1.17,20250612,8.09,6.92%,152000--,8.67,8.67,8.67,8.4,,1.67,7.53,3.11%,4968507500,-0.23%
SZ002664,信质集团,22.93,-0.52%,-0.12,0.09%,-0.24,7646446,1.90%,0.87,20251020,32.36,-29.14%,93500--,23.06,23.05,23.43,22.78,57.78,2.65,50.24,2.82%,9360026000,-0.56%
SZ002829,星网宇达,27.11,1.23%,0.33,0.00%,-0.1,5641135,3.86%,0.61,20251017,23.28,16.45%,53200--,26.65,26.78,27.45,26.46,110.1,3.28,39.82,3.70%,5633712700,1.73%
SZ301137,哈焊华通,58.65,-1.96%,-1.17,0.10%,-0.88,14685825,8.08%,1.09,20251009,46.1,27.22%,400--,57.99,59.82,59.28,57.22,306.5,7.78,48.39,3.44%,10663355900,1.14%
SH600438,通威股份,--,--,--,--,--,0,0.00%,0,20251016,24.84,-26.89%,----,--,18.16,--,--,,1.96,--,--,81756140000,--
SH688768,容知日新,49.91,3.14%,1.52,0.00%,0.19,2310216,2.65%,0.57,20251016,46.8,6.65%,17672--,48.06,48.39,50.84,47.98,52.34,3.98,64.73,5.91%,4391516700,3.85%
SH688709,成都华微,46.49,-1.75%,-0.83,-0.06%,0.08,6252520,2.82%,0.73,20251016,49,-5.12%,48267--,47,47.32,47.54,46.41,125.8,9.69,7.72,2.39%,29607018000,-1.09%
SH600259,中稀有色,91.82,-1.06%,-0.98,0.00%,0.23,15645416,4.65%,0.69,20251016,58.2,57.77%,87500--,92.12,92.8,95.25,89.03,181.6,8.84,93.74,6.70%,30891545000,-0.33%
SZ300611,美力科技,26.64,4.06%,1.04,-0.08%,0.08,6232900,4.20%,1.31,20251016,35.48,-24.92%,300--,25.65,25.6,27.15,25.5,36.12,4.58,5.92,6.45%,5623029500,3.86%
SH601012,隆基绿能,18,1.35%,0.24,0.00%,0.06,120323418,1.59%,0.77,20251015,19.72,-8.72%,1149610--,17.76,17.76,18.08,17.58,,2.4,6.83,2.82%,136405160000,1.35%
SH603456,九洲药业,16.82,2.87%,0.47,-0.06%,0,12580891,1.41%,0.97,20251015,20.22,-16.82%,122400--,16.32,16.35,16.86,16.2,15.01,1.71,-31.74,4.04%,14960482000,3.06%
SH600392,盛和资源,27.85,-0.11%,-0.03,-0.04%,0.15,72191786,4.12%,0.52,20251014,25,11.40%,811400--,27.48,27.88,28.64,27.01,46.49,3.67,34.31,5.85%,48816220000,1.35%
SH600745,闻泰科技,32.66,5.05%,1.57,0.00%,0.03,61516408,4.94%,2.23,20251013,41.83,-21.92%,580200--,30.99,31.09,33.98,30.76,20.14,1.2,-11.18,10.36%,40650323000,5.39%
SH600531,豫光金铅,16.5,-0.96%,-0.16,0.00%,-0.16,45057876,3.73%,0.39,20250930,12.97,27.22%,505800--,16.41,16.66,16.73,16.2,24.11,3.11,38.11,3.18%,19952835000,0.55%
SZ301323,新莱福,58.43,1.56%,0.9,0.00%,0.04,1382358,2.04%,0.66,20251013,63.42,-7.87%,12200--,57.5,57.53,58.89,56.96,44.3,2.83,-78.34,3.35%,6169547200,1.62%
SZ000006,深振业Ａ,9.13,4.82%,0.42,0.00%,0.34,39906952,2.96%,1.58,20251013,13.13,-30.46%,137600--,8.62,8.71,9.32,8.6,,2.28,-2.57,8.27%,12325454800,5.92%
SH688152,麒麟信安,36.93,2.61%,0.94,-0.11%,-0.04,1326773,1.29%,0.94,20251013,58.95,-37.35%,7643--,35.99,35.99,37.16,35.91,,3.09,-75.4,3.47%,3797525200,2.61%
SH688031,星环科技-U,253,13.35%,29.79,0.39%,0.74,11952042,9.87%,1.37,20251010,54.91,360.75%,200--,223.22,223.21,255,223.22,,35.53,82.33,14.24%,30647387000,13.34%
SZ301269,华大九天,95.57,0.62%,0.59,0.00%,0,2023923,0.37%,0.52,20251010,121.81,-21.54%,35300--,94.52,94.98,96.05,94.5,4315,10.03,23.96,1.63%,52127472000,1.11%
SZ001206,依依股份,22.7,0.58%,0.13,0.00%,-0.15,2505122,2.36%,0.68,20250725,26.32,-13.75%,42100--,22.5,22.57,22.8,22.42,20.09,2.24,41.67,1.68%,4197089400,0.89%
SH600980,北矿科技,24.81,-0.48%,-0.12,0.04%,-0.07,3908200,2.08%,0.46,20251010,24.21,2.48%,65100--,24.81,24.93,25.17,24.59,41.95,3.24,86.13,2.33%,4695628100,0.00%
SH603011,合锻智能,26.8,-2.30%,-0.63,0.04%,-0.75,44214271,8.94%,0.82,20251010,23.78,12.70%,594200--,26.99,27.43,27.49,26.05,,6.31,57.42,5.25%,13250306900,-0.70%
SZ300505,川金诺,36.12,7.66%,2.57,-0.50%,2.7,69405019,31.93%,1.33,20251010,21.5,68.00%,100--,33.2,33.55,36.83,33.19,24.46,3.59,28.79,10.85%,9928214900,8.80%
SZ301013,利和兴,25.22,3.96%,0.96,0.04%,0.91,13199696,6.98%,1.44,20250918,29.23,-13.72%,92700--,24.01,24.26,25.83,23.91,,7.68,-38.86,7.91%,5894999900,5.04%
SH513180,恒生科技指数ETF,0.643,2.72%,0.017,0.00%,0,10522909400,13.16%,1.12,20250930,0.88,-26.60%,532800--,0.625,0.626,0.646,0.625,0,0,-11.54,3.35%,51398693000,2.88%
SZ159751,港股通科技ETF鹏华,0.929,2.65%,0.024,0.00%,0,97407600,7.38%,1.24,20250930,1.27,-26.91%,513000--,0.902,0.905,0.932,0.902,0,0,-19.26,3.31%,1226864920,2.99%
SZ002563,森马服饰,5.34,1.52%,0.08,0.00%,0.17,16321000,0.74%,0.82,20250930,5.64,-5.32%,183300--,5.26,5.26,5.35,5.23,20.1,1.26,56.59,2.28%,14386441000,1.52%
02357,中航科工,4.06,0.50%,0.02,0.25%,0,32836000,0.53%,0.66,20250930,4.36,-6.88%,817000--,4.04,4.04,4.17,4.01,14.32,0.86,23.26,3.96%,32369788000,0.50%
SZ300464,星徽股份,7.2,0.56%,0.04,-0.14%,-0.14,9584250,2.70%,0.73,20250930,7.74,-6.98%,220500--,7.17,7.16,7.26,7.1,918.3,23.74,19.45,2.23%,3296301600,0.42%
SZ301379,天山电子,27.06,-0.59%,-0.16,0.00%,-0.04,3783770,2.97%,0.72,20250930,31.59,-14.34%,32400--,26.96,27.22,27.44,26.83,36.03,3.8,51.56,2.24%,5364481100,0.37%
SH600637,东方明珠,10.65,0.57%,0.06,0.00%,-0.01,31783767,0.95%,0.49,20250929,10.15,4.93%,540300--,10.55,10.59,10.69,10.51,49.58,1.2,-24.21,1.70%,35804233000,0.95%
SH601319,中国人保,8.59,1.90%,0.16,0.12%,0.01,57612246,0.16%,0.71,20250929,7.78,10.41%,677300--,8.4,8.43,8.6,8.38,6.09,1.21,-52.44,2.61%,379884080000,2.26%
SZ002785,万里石,45.02,0.49%,0.22,-0.02%,0.07,9875203,5.10%,0.72,20250919,31.24,44.11%,49200--,44.49,44.8,46.26,44.3,3804,11.5,53.85,4.38%,10202418700,1.19%
SH600416,湘电股份,14.66,1.52%,0.22,-0.07%,0.07,24315430,1.83%,0.74,20250926,16.71,-12.27%,208316--,14.35,14.44,14.87,14.31,80.9,2.24,6.95,3.88%,21634970000,2.16%
SH600303,曙光股份,3.39,3.35%,0.11,0.30%,-0.01,19327900,2.86%,1.08,20250926,3.86,-12.18%,353300--,3.29,3.28,3.4,3.27,,2.06,-23.63,3.96%,2317418300,3.04%
SH603667,五洲新春,72.57,-0.52%,-0.38,-0.01%,0.1,14164334,3.87%,0.56,20250926,46.74,55.26%,194862--,72.24,72.95,73.84,72.19,202.4,8.91,31.13,2.26%,26575335000,0.46%
SH603156,养元饮品,31.26,4.55%,1.36,0.32%,0.04,7240095,0.57%,1.25,20250925,25.58,22.20%,147800--,29.82,29.9,31.48,29.52,26.4,4.38,-40.51,6.56%,39396277000,4.83%
SZ300763,锦浪科技,88.91,-1.59%,-1.44,0.05%,-0.2,15490261,4.82%,0.51,20250925,85.75,3.69%,221500--,89.29,90.35,90.36,86.01,30.67,3.89,34.96,4.81%,35391359000,-0.43%
SH600848,上海临港,10.79,0.94%,0.1,-0.19%,0,6512075,0.27%,0.55,20250925,10.66,1.22%,60100--,10.69,10.69,10.81,10.62,18.51,1.39,52.26,1.78%,27217635000,0.94%
SZ000737,北方铜业,16.57,-1.07%,-0.18,0.06%,-0.19,50006099,2.63%,0.46,20250925,13.79,20.16%,497700--,16.51,16.75,16.8,16.17,34.35,4.74,42.47,3.76%,31561151000,0.36%
SZ002129,TCL中环,9.81,0.10%,0.01,0.00%,-0.07,96917057,2.40%,0.64,20250924,8.55,14.74%,955825--,9.7,9.8,9.96,9.64,,1.58,47.53,3.27%,39662966000,1.13%
SZ000826,启迪环境,2.51,1.62%,0.04,-0.40%,-0.06,112419239,7.89%,0.51,20250901,2.15,16.74%,2058500--,2.48,2.47,2.54,2.39,,85.37,-23.57,6.07%,3577636700,1.21%
SZ301256,华融化学,15.1,2.03%,0.3,0.00%,-0.03,10044135,2.09%,0.69,20250327,10.91,38.41%,127300--,14.72,14.8,15.21,14.6,102.4,4.24,-33.75,4.12%,7248000000,2.58%
SH600348,华阳股份,9.86,-2.18%,-0.22,0.00%,-0.12,53891539,1.49%,0.68,20250924,7.66,28.72%,481200--,10.04,10.08,10.04,9.76,23.73,1.29,-24.26,2.78%,35569950000,-1.79%
SH600167,联美控股,6.87,-0.15%,-0.01,-0.15%,-0.05,8689800,0.38%,0.63,20250923,8.73,-21.31%,191600--,6.83,6.88,6.93,6.81,21.47,1.43,-5.48,1.74%,15545714000,0.59%
SH600996,贵广网络,8.13,0.87%,0.07,-0.12%,-0.18,15521475,1.24%,0.66,20250923,10.88,-25.28%,221000--,8.08,8.06,8.2,8,,4.33,-26.52,2.48%,10136482800,0.62%
SH603088,宁波精达,12.5,-1.26%,-0.16,0.08%,-0.19,14563867,3.33%,0.54,20250922,11.78,6.11%,141300--,12.68,12.66,12.8,12.41,62.07,5.74,27.92,3.08%,6279849600,-1.42%
SZ300979,华利集团,47.2,1.79%,0.83,0.00%,-0.01,1583951,0.14%,0.8,20250403,53.48,-11.74%,14500--,46.27,46.37,47.31,46.16,16.96,3.53,-22.12,2.48%,55082400000,2.01%
SZ300569,天能重工,6.61,1.07%,0.07,0.15%,-0.08,32415641,3.18%,0.94,20250321,6.32,4.59%,444200--,6.5,6.54,6.66,6.47,60.32,1.3,-36.51,2.91%,6760160800,1.69%
SH603519,立霸股份,13.69,3.32%,0.44,0.29%,-0.09,3592760,1.35%,1.12,20250919,13.24,3.40%,90000--,13.23,13.25,13.69,13.15,23.12,3.07,-39.85,4.08%,3646028100,3.48%
SZ300867,圣元环保,19.46,2.53%,0.48,0.15%,-0.08,3702557,1.93%,0.77,20250919,17.28,12.62%,32200--,18.95,18.98,19.46,18.85,18.77,1.37,-42.97,3.21%,5288080900,2.69%
SH603421,鼎信通讯,8.41,1.82%,0.15,0.00%,0.11,24569100,3.77%,1.09,20250919,7.43,13.19%,282700--,8.28,8.26,8.55,8.23,,1.96,12.98,3.87%,5484922200,1.57%
SZ002453,华软科技,6.26,1.46%,0.09,0.00%,-0.32,15351700,2.51%,0.95,20250730,6.22,0.64%,108500--,6.16,6.17,6.27,6.11,,5.55,-43.53,2.59%,5085418200,1.62%
SZ300802,矩子科技,21.13,0.00%,0,0.14%,-0.05,6051780,3.11%,0.62,20250919,20.92,1.00%,35100--,20.96,21.13,21.35,20.8,54.59,4.14,29.97,2.60%,6002573500,0.81%
SZ300115,长盈精密,35.45,-0.06%,-0.02,-0.06%,-0.01,25142912,1.85%,0.52,20250918,34.5,2.75%,200--,35.12,35.47,35.85,35.06,80.46,5.8,-12.35,2.23%,48243407000,0.94%
SZ002641,公元股份,4.44,2.54%,0.11,0.00%,-0.01,13969935,1.23%,0.93,20250918,4.64,-4.31%,259500--,4.31,4.33,4.45,4.31,90.41,1,-48.51,3.23%,5457176800,3.02%
SH603297,永新光学,119.39,-2.87%,-3.53,0.19%,0.06,1468709,1.33%,0.83,20250918,119.02,0.31%,14200--,122.76,122.92,123.39,118.9,65.77,6.63,-23.81,3.65%,13244732600,-2.75%
SZ002575,群兴玩具,7.29,2.82%,0.2,0.00%,0.12,47536298,8.12%,0.82,20250918,9.48,-23.10%,724100--,7,7.09,7.55,6.97,,5.42,-25.87,8.18%,4494285000,4.14%
SH688306,均普智能,10.06,0.80%,0.08,0.10%,-0.01,5254810,0.43%,0.4,20250630,9.84,2.24%,98468--,9.93,9.98,10.08,9.92,1013,6.45,-41.85,1.60%,12356525000,1.31%
SH688135,利扬芯片,31.19,-1.36%,-0.43,0.00%,-0.24,6178428,3.04%,0.63,20250917,33.64,-7.28%,37936--,31.31,31.62,31.79,31,,5.55,47.96,2.50%,6345706300,-0.38%
SZ300443,金雷股份,28.06,-0.53%,-0.15,0.00%,0.01,5230587,2.15%,0.65,20250917,31.37,-10.55%,64600--,28.18,28.21,28.38,27.74,22.09,1.43,25.25,2.27%,8982976800,-0.43%
SZ002625,光启技术,45.96,0.04%,0.02,0.00%,-0.02,16185603,0.75%,0.6,20250917,48.76,-5.74%,134496--,45.7,45.94,46.3,45.28,122.6,10.38,-5.87,2.22%,99024858000,0.57%
SZ002549,凯美特气,20.62,-2.46%,-0.52,0.00%,-0.49,37626606,5.43%,0.88,20250917,18.05,14.24%,381045--,20.69,21.14,20.8,20.16,142.6,6.93,77.33,3.03%,14338074000,-0.34%
SZ300789,唐源电气,22.39,2.66%,0.58,0.05%,-0.23,1332800,1.35%,0.76,20250320,29.5,-24.10%,35600--,21.86,21.81,22.45,21.72,61.79,3.02,-32.2,3.35%,3220780400,2.42%
SZ002617,露笑科技,8.77,-0.68%,-0.06,0.00%,-0.47,69327355,3.67%,0.63,20250917,10.81,-18.87%,969600--,8.77,8.83,8.92,8.71,51.38,2.64,40.35,2.38%,16864762000,0.00%
SZ002472,双环传动,39.17,1.74%,0.67,0.00%,0.06,13269098,1.76%,0.7,20250916,44.76,-12.49%,184100--,38.35,38.5,39.55,38.25,27.78,3.46,4.36,3.38%,33277948000,2.14%
SZ002535,林州重机,3.81,1.87%,0.07,0.26%,0.21,10579129,1.42%,0.64,20250916,4.54,-16.08%,178100--,3.72,3.74,3.81,3.71,32.15,4.31,-13.83,2.67%,3054412500,2.42%
SZ300013,新宁物流,4.22,1.69%,0.07,0.24%,-0.72,23175550,5.20%,0.8,20250603,4.43,-4.74%,500--,4.16,4.15,4.23,4.11,,12.03,-15.58,2.89%,2356274500,1.44%
SZ300222,科大智能,12.96,-0.38%,-0.05,0.00%,-0.37,53318997,8.41%,1.27,20250916,13,-0.31%,500--,12.81,13.01,13.21,12.71,105.7,5.88,-17.88,3.84%,10086524800,1.17%
SZ000981,山子高科,4.57,0.88%,0.04,0.22%,0.15,294187120,3.09%,0.54,20250912,2.77,64.98%,3048600--,4.51,4.53,4.59,4.46,78.45,27.14,-1.95,2.87%,45688442000,1.33%
SZ300951,博硕科技,37.07,0.22%,0.08,0.11%,-0.01,1021980,0.68%,0.49,20250912,40.09,-7.53%,14000--,37.07,36.99,37.32,36.48,32.73,2.7,-14.24,2.27%,6279680100,0.00%
SZ300697,电工合金,17.42,-2.02%,-0.36,0.06%,-0.44,9883668,4.91%,0.69,20250324,17.34,0.46%,400--,17.61,17.78,17.78,17.36,44.36,6.15,35.31,2.36%,7536588800,-1.08%
SZ300457,赢合科技,24.86,-0.16%,-0.04,-0.08%,0,8138333,1.28%,0.67,20250617,20.45,21.56%,227800--,24.86,24.9,25.01,24.67,39.82,2.46,24.39,1.37%,16039161000,0.00%
SZ002140,东华科技,13.27,2.23%,0.29,0.00%,0.25,21926512,3.10%,1.01,20250228,10.07,31.78%,181800--,12.9,12.98,13.35,12.88,17.63,1.98,-34.99,3.62%,9395344100,2.87%
SZ002579,中京电子,12.05,-0.17%,-0.02,0.00%,-0.14,24260035,4.16%,0.82,20250619,9.91,21.59%,230400--,11.94,12.07,12.2,11.78,216.2,3.05,-5.74,3.48%,7382054400,0.92%
SZ300252,金信诺,14.56,-2.28%,-0.34,0.00%,-0.3,25368600,4.54%,0.59,20250911,14.4,1.11%,600--,14.78,14.9,14.82,14.5,916.4,4.42,38.41,2.15%,9640959800,-1.49%
SZ000750,国海证券,4.11,1.99%,0.08,0.00%,0.06,59261873,1.02%,0.96,20250911,4.91,-16.29%,1123700--,4.02,4.03,4.11,4.01,34.25,1.16,-6.8,2.48%,26247177000,2.24%
SZ002866,传艺科技,19.09,1.01%,0.19,0.05%,0,6303400,3.48%,0.77,20250909,20.76,-8.04%,70600--,18.8,18.9,19.18,18.58,60.18,2.66,21.27,3.17%,5526979900,1.54%
SH605388,均瑶健康,6.71,2.76%,0.18,0.15%,-0.02,4733120,0.79%,1.04,20250904,9.07,-26.02%,36900--,6.53,6.53,6.71,6.47,,2.35,-43.91,3.68%,4029247600,2.76%
SZ002176,江特电机,9.98,-0.10%,-0.01,0.00%,-0.12,45242062,2.65%,0.45,20250624,7.31,36.53%,449800--,9.9,9.99,10.08,9.87,,5.02,5.77,2.10%,17029129000,0.81%
SZ002886,沃特股份,23.33,-0.85%,-0.2,0.00%,-0.16,6167505,2.95%,0.52,20250908,22.04,5.85%,125400--,23.47,23.53,23.76,23.18,153,3.41,-31.37,2.46%,6140539200,-0.60%
SH601919,中远海控,15.79,0.06%,0.01,0.00%,-0.04,148787980,1.19%,0.47,20250908,15.05,4.92%,1843650--,15.65,15.78,15.88,15.47,6.7,1.05,-21.97,2.60%,241787340000,0.89%
SH600754,锦江酒店,26.76,0.22%,0.06,0.00%,-0.08,6757345,0.75%,0.58,20250905,22.97,16.50%,50300--,26.66,26.7,27.29,26.5,28.68,1.8,47.19,2.96%,28534146000,0.38%
SZ002067,景兴纸业,5.48,1.67%,0.09,0.18%,0.05,56674922,4.24%,0.8,20250905,5.08,7.87%,468500--,5.39,5.39,5.62,5.35,148.3,1.21,40.31,5.01%,8082199100,1.67%
SZ300473,德尔股份,35.46,3.53%,1.21,0.00%,-0.05,6457895,4.29%,1.04,20250415,25.99,36.44%,500--,34.05,34.25,36.17,33.81,57.96,2.99,25.03,6.89%,6122608100,4.14%
SZ300530,领湃科技,27.18,1.61%,0.43,0.00%,-0.11,1469000,0.93%,0.72,20250618,41.38,-34.32%,9600--,26.65,26.75,27.38,26.65,,87.26,-55.05,2.73%,4673637800,1.99%
SZ002530,金财互联,9.64,0.84%,0.08,0.10%,-0.07,11957572,1.72%,0.45,20250904,11.92,-19.13%,103200--,9.49,9.56,9.64,9.45,97.94,5.67,15.87,1.99%,7511470400,1.58%
SZ300410,正业科技,9.07,0.44%,0.04,0.00%,-0.06,12852217,3.50%,0.64,20250904,10.49,-13.54%,154600--,9.02,9.03,9.09,8.85,108.4,13.83,-26.63,2.66%,3329731200,0.55%
SZ002403,爱仕达,11.35,1.89%,0.21,0.00%,-0.02,2437760,0.82%,0.58,20250904,16.35,-30.58%,87100--,11.14,11.14,11.35,11.06,,2.41,-29.57,2.60%,3866247900,1.89%
SH600315,上海家化,20.62,-0.19%,-0.04,-0.05%,-0.29,9584991,1.43%,1.09,20250904,26.89,-23.32%,73400--,20.55,20.66,20.68,20.31,25.65,1.97,35.59,1.79%,13861300000,0.34%
SH688696,极米科技,94.9,2.53%,2.34,-0.33%,-0.04,1032583,1.47%,0.74,20250903,133.6,-28.97%,6332--,92.6,92.56,95.39,92,46.38,2.14,-72.64,3.66%,6644898000,2.48%
SZ159740,恒生科技ETF大成,0.633,3.09%,0.019,0.16%,0,3957484000,13.16%,1.1,20250829,0.76,-16.60%,48849900--,0.615,0.614,0.635,0.614,0,0,-50.54,3.42%,19029955000,2.93%
SH601086,国芳集团,9.19,1.21%,0.11,0.00%,0.03,7636400,1.15%,0.7,20250829,13.46,-31.72%,137700--,9.08,9.08,9.2,9,75.36,3.85,-29.2,2.20%,6120540000,1.21%
SZ300613,富瀚微,42.13,0.93%,0.39,-0.02%,-0.04,2798515,1.28%,0.57,20250828,56.35,-25.24%,26600--,41.57,41.74,42.32,41.15,89.57,3.56,-17.21,2.80%,9796617100,1.35%
09660,地平线机器人-W,7.68,1.72%,0.13,0.00%,0.28,228555000,1.56%,1.6,20250828,9.11,-15.70%,79662000--,7.55,7.55,7.85,7.48,,8.98,-86.96,4.90%,112526477000,1.72%
SH601865,福莱特,15.45,-0.71%,-0.11,0.00%,0.06,20762257,1.09%,0.75,20250828,17.69,-12.66%,344557--,15.47,15.56,15.66,15.26,42.58,1.67,90.34,2.57%,36197501000,-0.13%
SH688561,奇安信-U,33.18,1.97%,0.64,0.06%,0.04,6399485,0.94%,0.59,20250828,43.52,-23.76%,200--,32.98,32.54,33.33,32.8,,3.04,-27.59,1.63%,22637145000,0.61%
SZ301396,宏景科技,95.24,-3.85%,-3.81,0.03%,-0.43,8948229,11.76%,0.59,20250827,83.16,14.53%,100--,98.17,99.05,99.7,94.7,102,11.34,92.69,5.05%,14621011000,-2.98%
SZ300850,新强联,47.22,-1.36%,-0.65,0.02%,-0.11,15220200,5.06%,0.66,20250827,35.84,31.75%,200--,47.59,47.87,47.95,46.6,22.09,2.85,38.82,2.82%,19553133000,-0.78%
09868,小鹏汽车-W,66.35,4.24%,2.7,1.84%,0.11,16346346,0.86%,0.87,20250826,94.15,-29.53%,2653400--,63.9,63.65,66.75,63.55,,3.88,26.6,5.03%,126838643000,3.83%
SZ301312,智立方,90.5,3.57%,3.12,0.00%,0.04,9449832,15.61%,1.25,20250826,56.04,61.49%,93700--,84.27,87.38,93.99,81.08,117.6,8.9,32.47,14.77%,10966845400,7.39%
SZ002681,奋达科技,6.06,0.17%,0.01,0.00%,-0.1,18559594,1.21%,0.48,20250826,7.9,-23.29%,322100--,6.02,6.05,6.07,5.99,638,4.77,29.46,1.32%,10875592500,0.66%
SZ002241,歌尔股份,25.36,0.92%,0.23,0.00%,-0.05,45256194,1.44%,0.59,20250826,34.06,-25.54%,411800--,25.08,25.13,25.43,25.03,26.06,2.51,-19.3,1.59%,89917555000,1.12%
SZ002057,中钢天源,11.32,0.44%,0.05,-0.09%,0.09,18561125,2.46%,0.77,20250825,11.45,-1.14%,104200--,11.33,11.27,11.59,11.22,28.86,2.64,26.02,3.28%,8533963600,-0.09%
SZ002232,启明信息,17.87,0.96%,0.17,0.00%,-0.01,2440300,0.60%,0.45,20250825,19.41,-7.93%,84000--,17.6,17.7,17.87,17.55,,5.4,-12.12,1.81%,7300760900,1.53%
SZ300601,康泰生物,14.08,1.88%,0.26,-0.07%,-0.06,8135193,0.90%,0.73,20250825,20,-29.60%,76540--,13.79,13.82,14.09,13.71,239.9,1.73,-28.96,2.75%,15726371000,2.10%
SZ300835,龙磁科技,90,-2.50%,-2.31,0.21%,-0.16,4443969,5.40%,0.66,20250825,65.94,36.49%,28180--,90.34,92.31,93.88,89.8,60.38,8.99,67.91,4.42%,10732278600,-0.38%
SH603288,海天味业,37.02,2.89%,1.04,0.00%,0.02,23079600,0.42%,1.52,20250825,41.1,-9.93%,289300--,36,35.98,37.08,35.9,30.53,5.48,-69.92,3.28%,216634560000,2.83%
SZ000617,中油资本,9.11,-0.55%,-0.05,0.00%,-0.03,91459121,0.72%,0.44,20250825,12.75,-28.55%,1204500--,9.02,9.16,9.18,9.02,21.61,1.1,19.45,1.75%,115169340000,1.00%
SZ300386,飞天诚信,16.12,0.56%,0.09,0.12%,-0.13,3769900,1.50%,0.64,20250825,21.5,-25.02%,43900--,16,16.03,16.17,15.88,486.9,4.57,-28.15,1.81%,6738869300,0.75%
SZ002177,御银股份,8.75,-1.57%,-0.14,0.11%,-1.09,129520482,19.19%,0.81,20250822,10,-12.50%,1298000--,8.7,8.89,9.16,8.66,427.3,3.9,57.46,5.62%,6660423800,0.57%
SZ300624,万兴科技,76.53,0.00%,0,0.00%,-0.16,6979144,4.08%,0.56,20250822,78.7,-2.76%,500--,75.74,76.53,76.98,75.55,,13.7,-65.66,1.87%,14796029000,1.04%
SH603601,再升科技,11.76,0.86%,0.1,0.09%,0.42,115094820,10.08%,0.71,20250526,3.67,220.44%,1541400--,11.5,11.66,12.05,11.39,124,5.51,17.61,5.66%,13433930000,2.26%
SH600609,金杯汽车,4.5,2.27%,0.1,0.00%,0.18,16209800,1.24%,0.87,20250613,5.37,-16.20%,175300--,4.39,4.4,4.51,4.37,24.41,3.73,-39.21,3.18%,5870513500,2.51%
SH600794,保税科技,4.05,1.76%,0.07,0.00%,0.23,30764131,2.56%,0.47,20250418,4.58,-11.57%,406000--,3.94,3.98,4.06,3.93,62.2,1.85,-10.22,3.27%,4860616200,2.79%
SH600199,金种子酒,8.81,1.38%,0.12,0.00%,0.16,10107400,1.54%,0.6,20250620,11,-19.91%,203900--,8.68,8.69,8.82,8.66,,2.8,-16.09,1.84%,5795190000,1.50%
SH603198,迎驾贡酒,36.37,1.62%,0.58,0.03%,0.02,2324087,0.29%,0.65,20250620,41.32,-11.98%,42008--,35.85,35.79,36.4,35.6,14.44,2.86,78.63,2.24%,29096000000,1.45%
920526,凯华材料,22.16,1.00%,0.22,0.00%,0.07,517722,0.99%,0.61,--,--,--,20690--,22.02,21.94,22.23,21.94,136.2,8,7.96,1.32%,1832632000,0.64%
SZ002576,通达动力,19.18,1.32%,0.25,0.00%,-0.03,6268200,3.87%,0.56,20250206,15.84,21.09%,88600--,18.93,18.93,19.3,18.69,38.05,2.42,2.28,3.22%,3166618000,1.32%
SH600301,华锡有色,64.5,-3.15%,-2.1,-0.28%,-0.09,13533584,4.92%,0.73,20250314,26.75,141.12%,128200--,67.93,66.6,68.39,64,61.92,9.08,87.1,6.59%,40800602000,-5.05%
SH603002,宏昌电子,10.51,-1.22%,-0.13,0.00%,-0.03,31655250,2.79%,0.49,20250715,6.83,53.88%,481000--,10.57,10.64,10.69,10.36,364.6,3.46,15.65,3.10%,11919165100,-0.57%
SH601689,拓普集团,64.11,-0.19%,-0.12,-0.02%,-0.02,14033570,0.81%,0.58,20250820,54.9,16.78%,131884--,63.9,64.23,64.69,63.7,42.49,4.79,64.22,1.54%,111412639000,0.33%
SZ002600,领益智造,14.48,0.98%,0.14,0.00%,0.01,74344830,1.03%,0.74,20250820,13.05,10.96%,854745--,14.31,14.34,14.74,14.28,40.88,4.55,-12.94,3.21%,105810399000,1.19%
920068,天工股份,21.16,0.47%,0.1,0.00%,-0.41,2797790,4.46%,0.4,20250820,22.99,-7.96%,43315--,21.1,21.06,21.45,20.82,160.5,9.93,3.55,2.99%,13872496000,0.28%
SZ000420,吉林化纤,4.42,1.84%,0.08,0.00%,0.15,57548400,2.34%,0.68,20250820,4.55,-2.86%,901125--,4.3,4.34,4.45,4.29,249.7,2.46,-29.01,3.69%,10868198100,2.79%
SZ300024,机器人,16.45,0.61%,0.1,-0.06%,-0.02,16073864,1.04%,0.57,20250819,20.9,-21.29%,100--,16.28,16.35,16.49,16.21,,6,-12.38,1.71%,25754448000,1.04%
SH600050,中国联通,4.97,0.40%,0.02,0.20%,-0.05,153695720,0.50%,0.62,20250818,5.52,-9.96%,3213300--,4.94,4.95,4.97,4.91,13.29,0.904,-32.03,1.21%,155384190000,0.61%
SZ300413,芒果超媒,22.65,1.07%,0.24,0.04%,0.04,11155504,1.09%,0.54,20250818,26.45,-14.37%,100--,22.26,22.41,22.68,22.2,31.28,1.83,37.21,2.14%,42371826000,1.75%
SZ002343,慈文传媒,6.84,1.94%,0.13,0.15%,-0.07,9948980,2.10%,0.69,20250730,8.58,-20.28%,121800--,6.73,6.71,6.84,6.66,,3.38,31.13,2.68%,3239973200,1.63%
SZ000712,锦龙股份,12.51,2.29%,0.28,0.00%,-0.01,15530527,1.73%,0.91,20250818,15.44,-18.98%,185200--,12.18,12.23,12.54,12.16,55.24,4.42,-62.67,3.11%,11208960000,2.71%
920179,凯德石英,46.95,-2.35%,-1.13,0.00%,-0.32,1930392,3.23%,0.46,--,--,--,19132--,47.12,48.08,48.01,46.66,118.7,4.69,55.92,2.81%,3519841500,-0.36%
SH600549,厦门钨业,74,-1.29%,-0.97,-0.01%,-0.33,87142210,5.61%,0.84,20250815,24,208.33%,600500--,75.58,74.97,78.26,73.11,50.84,6.83,-77.67,6.87%,117481351000,-2.09%
SZ002011,盾安环境,13.3,1.60%,0.21,-0.23%,0.08,13815044,1.30%,0.76,20250815,13.56,-1.92%,198800--,13.02,13.09,13.44,12.98,13.95,2.23,-39.53,3.51%,14293206000,2.15%
SZ002432,九安医疗,49.04,-2.45%,-1.23,0.06%,-0.29,26596272,6.07%,0.66,20250815,40.42,21.33%,391200--,50.17,50.27,50.29,48.2,10.76,1.03,71.55,4.16%,22802413000,-2.25%
SH688667,菱电电控,96.45,3.52%,3.28,0.47%,0.08,1078033,2.05%,0.52,20250815,66.7,44.60%,12773--,93.32,93.17,97.2,92.4,37.72,2.84,32.07,5.15%,5082476800,3.35%
SZ300380,安硕信息,38.13,2.72%,1.01,0.00%,-0.02,2306127,1.81%,0.77,20250815,50.2,-24.04%,62200--,37,37.12,38.17,36.87,301.6,13.64,-25.51,3.50%,5278681000,3.05%
SZ300730,科创信息,12.92,2.05%,0.26,0.23%,-0.08,5004350,2.59%,0.66,20250815,17.71,-27.05%,181100--,12.56,12.66,12.92,12.56,,12.43,11.22,2.84%,3115515200,2.87%
SZ300622,博士眼镜,30.05,0.57%,0.17,0.13%,-0.26,4076341,2.62%,0.44,20250814,35.73,-15.90%,126944--,29.58,29.88,30.05,29.49,58.47,8.07,-0.52,1.87%,6847017500,1.59%
SH688733,壹石通,29.78,1.53%,0.45,0.00%,-0.09,4125933,2.07%,0.84,20250814,30,-0.73%,56753--,29.33,29.33,30.2,28.8,,2.82,-15.82,4.77%,5949305200,1.53%
SH688231,隆达股份,33.63,3.16%,1.03,-0.03%,0,7657270,3.10%,0.8,20250813,21.15,59.01%,20888--,32.5,32.6,34.8,32.32,110.5,3.01,14.18,7.61%,8301805700,3.48%
SZ002714,牧原股份,49.34,5.43%,2.54,0.00%,0.16,90999749,2.39%,1.78,20250813,46.89,5.22%,718329--,46.67,46.8,49.53,46.55,14.36,3.3,-14.21,6.37%,283049900000,5.72%
SZ300655,晶瑞电材,16.18,-1.22%,-0.2,-0.06%,-0.3,29777509,2.79%,0.6,20250813,11.33,42.81%,6600--,16.2,16.38,16.42,16.16,101.4,6.8,59.18,1.59%,17360735000,-0.12%
SZ300628,亿联网络,35.38,0.83%,0.29,0.00%,0.02,6627884,0.91%,0.6,20250813,34.62,2.20%,100--,34.98,35.09,35.45,34.68,17.24,4.81,-33.79,2.19%,44816939000,1.14%
SH603005,晶方科技,31.64,-2.56%,-0.83,0.13%,-0.49,36981214,5.67%,0.74,20250813,30.75,2.89%,379500--,32.11,32.47,32.65,31.47,55.83,4.48,36.57,3.63%,20634713000,-1.46%
SZ002040,南 京 港,11.18,0.18%,0.02,0.00%,-0.1,42779203,8.80%,0.71,20250812,10.69,4.58%,788404--,10.96,11.16,11.31,10.71,30.05,1.6,59.18,5.38%,5455247300,2.01%
SH600975,新五丰,5.75,2.50%,0.14,0.00%,0.06,28542756,2.28%,1.65,20250721,6.4,-10.16%,284400--,5.6,5.61,5.76,5.57,,2.4,-47.52,3.39%,7185555000,2.68%
SZ002908,德生科技,9.77,2.20%,0.21,0.00%,0.07,4838100,1.50%,0.54,20250808,12.08,-19.12%,107400--,9.5,9.56,9.77,9.48,716,3.81,-48.43,3.03%,4215091500,2.84%
SZ300224,正海磁材,17.05,0.35%,0.06,-0.06%,-0.05,27955393,3.02%,0.72,20250611,14.64,16.46%,186400--,16.81,16.99,17.47,16.68,52.21,3.14,67.99,4.65%,15868442000,1.43%
SZ002765,蓝黛科技,11.05,0.27%,0.03,0.09%,-0.06,7699000,1.29%,0.53,20250805,13.12,-15.78%,130300--,10.96,11.02,11.08,10.96,31.69,2.74,62.66,1.09%,7206015400,0.82%
SZ000099,中信海直,21.51,3.41%,0.71,-0.05%,0.28,42287378,5.45%,1.72,20250804,23.29,-7.64%,337400--,20.8,20.8,21.75,20.78,51.16,3.05,-57.36,4.66%,16686816000,3.41%
SZ300289,利德曼,6.88,2.38%,0.16,0.29%,0,5702500,1.05%,0.83,20250801,8.45,-18.58%,54400--,6.71,6.72,6.88,6.66,,2.26,-7.57,3.27%,3742799000,2.53%
SZ300009,安科生物,9.64,2.34%,0.22,-0.10%,0.01,14456855,1.18%,0.82,20250731,12.11,-20.40%,206600--,9.4,9.42,9.65,9.36,21.91,3.87,-62.22,3.08%,16111532000,2.55%
SZ301382,蜂助手,35.21,3.16%,1.08,0.17%,0.44,8403029,4.77%,0.84,20250730,33.38,5.48%,124700--,34,34.13,35.38,33.83,56.1,5.43,13.9,4.54%,10055761300,3.56%
SZ300684,中石科技,53.07,-1.63%,-0.88,0.00%,-0.2,9188740,4.50%,0.75,20250721,26.7,98.76%,73740--,53.6,53.95,54.9,52.81,47.36,7.59,56.75,3.87%,15894954000,-0.99%
SZ300416,苏试试验,17.62,0.46%,0.08,-0.06%,0.04,10671300,2.11%,0.53,20250729,15.72,12.09%,2000--,17.34,17.54,17.7,17.32,42.85,3.36,17.14,2.17%,8960612300,1.61%
SH600882,妙可蓝多,21.24,3.31%,0.68,-0.05%,0.02,5564142,1.09%,1.02,20250729,28.68,-25.94%,58300--,20.54,20.56,21.32,20.54,46.18,2.34,-31.05,3.79%,10833539500,3.41%
920981,晶赛科技,31.95,-0.31%,-0.1,0.00%,-0.18,759893,2.04%,0.59,--,--,--,2516--,31.8,32.05,32.1,31.59,230.2,4.8,13.82,1.59%,2443152600,0.47%
SZ301606,绿联科技,67.4,2.79%,1.83,0.97%,0.03,2337982,1.07%,0.53,20250107,40.21,67.62%,600--,66.44,65.57,67.89,65.45,44.93,8.9,37.57,3.72%,27964921000,1.44%
SZ003023,彩虹集团,25.65,9.99%,2.33,0.00%,2.71,12833873,12.21%,4.87,20250728,29.03,-11.64%,3900--,22.91,23.32,25.65,22.72,46.39,1.75,100,12.56%,2702012000,11.96%
SZ002949,华阳国际,14.94,2.12%,0.31,-0.07%,0.03,3278000,2.16%,0.29,20241230,18.77,-20.40%,61900--,14.55,14.63,14.97,14.54,31.11,2.03,-82.66,2.94%,2928895300,2.68%
SZ300479,神思电子,20.92,1.45%,0.3,0.05%,0.22,6805860,3.46%,0.82,20250725,22.13,-5.47%,75400--,20.61,20.62,21.36,20.51,,9.37,22.52,4.12%,4122094900,1.50%
SZ300653,正海生物,20.1,2.24%,0.44,-0.05%,0.01,1594500,0.89%,0.72,20250725,22.43,-10.39%,11800--,19.62,19.66,20.14,19.58,40.26,4.14,-48.91,2.85%,3618000000,2.45%
SZ300760,迈瑞医疗,181.37,2.93%,5.17,-0.06%,0.01,7638494,0.63%,1.05,20250725,231.84,-21.77%,200--,175.8,176.2,182.25,175.5,21.79,5.6,-80.71,3.83%,219900500000,3.17%
SH688137,近岸蛋白,42.19,3.87%,1.57,0.14%,0.03,601705,1.84%,0.96,20250725,46.46,-9.19%,3400--,40.6,40.62,42.38,40.46,,1.45,0.27,4.73%,2960701800,3.92%
SZ002266,浙富控股,5.09,1.60%,0.08,0.00%,-0.01,127526026,2.60%,0.95,20250724,4.29,18.65%,644800--,5.02,5.01,5.18,4.99,26.97,2.26,3.84,3.79%,26566091000,1.39%
SH601888,中国中免,76.62,0.22%,0.17,0.00%,-0.03,17714766,0.91%,0.51,20250724,70.84,8.16%,232000--,75.98,76.45,77.1,75.64,38.95,2.85,74.98,1.91%,158515980000,0.84%
SH600157,永泰能源,1.86,1.64%,0.03,0.00%,-0.03,1214208530,5.57%,0.48,20250724,1.53,21.57%,20215500--,1.82,1.83,1.86,1.78,153.8,0.862,-11.88,4.37%,40581041000,2.20%
SH600546,山煤国际,11.72,-0.76%,-0.09,0.34%,-0.11,28240908,1.42%,0.49,20250723,10.05,16.62%,174400--,11.66,11.81,11.87,11.52,16.65,1.42,60.77,2.96%,23234386000,0.51%
SH603006,联明股份,13.54,1.88%,0.25,-0.07%,-0.08,3084700,1.21%,0.92,20250528,13.57,-0.22%,14500--,13.35,13.29,13.6,13.3,44.2,2.64,30.11,2.26%,3442602500,1.42%
SZ300854,中兰环保,25.34,4.49%,1.09,0.24%,0.08,3004300,3.69%,0.56,20250723,17.65,43.57%,20700--,24.01,24.25,25.68,23.8,,2.65,-71.68,7.75%,2535742100,5.54%
SZ002761,浙江建投,8.33,3.74%,0.3,-0.24%,0.11,17480810,1.62%,1.44,20250521,9.7,-14.12%,219100--,8.01,8.03,8.35,7.99,54.85,1.32,-26.79,4.48%,11036177200,4.00%
SZ301016,雷尔伟,25.4,5.00%,1.21,0.08%,-0.05,4696848,2.27%,1.46,20250331,22.08,15.04%,79200--,24.09,24.19,25.95,24,93.01,5.55,57.19,8.06%,5547360000,5.44%
SZ000065,北方国际,13.45,-0.88%,-0.12,0.00%,-0.02,23579537,2.42%,0.55,20250218,10.89,23.51%,229600--,13.56,13.57,13.63,13.25,24.17,1.4,13.48,2.80%,15621397000,-0.81%
SH600031,三一重工,22.03,-0.23%,-0.05,0.05%,0.06,65971930,0.78%,1.06,20250207,16.75,31.52%,547500--,22.12,22.08,22.2,21.81,21.29,2.32,47.88,1.77%,202565950000,-0.41%
SH600023,浙能电力,5.48,-0.18%,-0.01,-0.18%,-0.02,82385310,0.61%,0.57,20250722,5.23,4.78%,515700--,5.49,5.49,5.51,5.43,8.85,0.979,-10.23,1.46%,73479855000,-0.18%
SZ000400,许继电气,33.63,-0.44%,-0.15,0.06%,-0.35,76192740,7.53%,1.31,20250721,23.91,40.65%,728100--,33.29,33.78,34.42,33.06,28.5,2.89,29.71,4.03%,34256266000,1.02%
SZ002010,传化智联,6.46,1.73%,0.11,0.00%,-0.02,27352649,0.99%,0.71,20250530,5.73,12.74%,322900--,6.32,6.35,6.48,6.3,21.02,0.996,-58.04,2.83%,17855640000,2.22%
SH601555,东吴证券,--,--,--,--,--,0,0.00%,0,20250721,9.27,0.22%,----,--,9.29,--,--,11.8,1.09,--,--,46159249000,--
SH601669,中国电建,5.96,3.65%,0.21,0.00%,0.56,685419860,5.24%,2.17,20250718,5.08,17.32%,7708900--,5.76,5.75,6.01,5.73,10.3,0.714,-46.16,4.87%,102667910000,3.47%
SH600580,卧龙电驱,41.57,0.90%,0.37,0.00%,0.05,25694324,1.65%,0.67,20250718,21.01,97.86%,272400--,41,41.2,41.96,40.9,59.5,6.07,51.04,2.57%,64937225000,1.39%
SZ000949,新乡化纤,7.42,4.36%,0.31,0.00%,0.47,85229106,5.15%,1.17,20250122,4.16,78.37%,696600--,7.13,7.11,7.6,7.06,69.21,1.9,-24.15,7.59%,12294197400,4.07%
SZ300363,博腾股份,21.21,1.92%,0.4,0.09%,0,7801235,1.56%,0.7,20250718,20.01,6.00%,94100--,20.77,20.81,21.34,20.63,108.2,2.17,0.71,3.41%,11526408600,2.12%
SZ000722,湖南发展,13.93,2.35%,0.32,0.00%,-0.11,31708825,6.83%,1.81,20250718,13.18,5.69%,252198--,13.64,13.61,14.2,13.57,75.74,2.05,36.93,4.63%,6465724900,2.13%
SH688507,索辰科技,94.84,1.09%,1.02,-0.11%,0.09,994717,2.02%,0.43,20250718,87.01,9.00%,200--,93.04,93.82,95.68,93.04,262.7,2.96,65.23,2.81%,8451077100,1.93%
SZ300288,朗玛信息,13.73,2.39%,0.32,0.07%,-0.05,5485907,2.14%,0.68,20250718,15.48,-11.30%,500--,13.31,13.41,13.88,13.3,257.6,4.26,-17.07,4.33%,4639935400,3.16%
SZ000801,四川九洲,16.49,1.35%,0.22,0.06%,-0.01,16752414,1.65%,0.74,20250709,15.09,9.28%,266500--,16.22,16.27,16.72,16.18,128.5,5.73,-10.89,3.32%,16759195000,1.66%
SZ300830,金现代,14.27,8.60%,1.13,-0.07%,2.62,79652001,23.63%,1.27,20250717,11.52,23.87%,4000--,12.93,13.14,14.28,12.93,,4.72,-92.13,10.27%,6444913500,10.36%
SH603738,泰晶科技,23.36,-1.52%,-0.36,-0.04%,-1.62,50896785,13.19%,0.77,20250717,15.55,50.23%,355300--,23.78,23.72,24.54,23.1,193,5.16,-36.97,6.07%,9014331800,-1.77%
SZ002406,远东传动,8.1,1.76%,0.14,0.12%,0.02,12232300,2.03%,0.51,20250717,7.48,8.29%,177900--,7.95,7.96,8.12,7.91,46.53,1.47,-55.68,2.64%,5914823200,1.89%
SH600101,明星电力,11.26,-0.53%,-0.06,0.18%,-0.9,50762341,9.27%,0.79,20250303,9.01,24.97%,389160--,11.19,11.32,11.38,11.12,33.55,2,31.92,2.30%,6168931400,0.63%
SZ300662,科锐国际,25.65,2.07%,0.52,0.04%,0.15,3605309,1.84%,0.8,20250624,27.08,-5.28%,46200--,25.01,25.13,25.74,24.95,16.6,2.23,3.95,3.14%,5048083100,2.56%
SH603093,南华期货,22.31,2.81%,0.61,0.05%,0.1,17564802,2.88%,0.62,20250716,26.08,-14.46%,195100--,21.78,21.7,22.77,21.76,34.17,2.92,-24.22,4.65%,16012442000,2.43%
SZ002923,润都股份,16,5.54%,0.84,0.06%,0.16,12430856,4.82%,1.1,20250611,14.32,11.73%,136780--,15.46,15.16,16.04,15.05,,5.12,-0.26,6.53%,5358292600,3.49%
SZ000409,云鼎科技,11.2,0.90%,0.1,0.00%,0.06,6909013,1.17%,0.51,20250606,12.02,-6.82%,124400--,11.09,11.1,11.25,11.03,112.4,4.83,-28.09,1.98%,7590805700,0.99%
SZ002036,联创电子,10.84,-2.78%,-0.31,-0.09%,-0.38,52863172,5.02%,0.74,20250715,10.79,0.46%,1031100--,11.05,11.15,11.14,10.76,168.5,5.34,58.41,3.41%,11440587700,-1.90%
SH600446,金证股份,14.5,2.47%,0.35,-0.07%,0.1,13149546,1.40%,0.69,20250711,21.19,-31.57%,145301--,14.1,14.15,14.55,14.09,,3.71,-59.42,3.25%,13648378000,2.84%
SH603611,诺力股份,23.92,2.97%,0.69,0.08%,0.04,3895300,1.51%,0.81,20250711,22.9,4.45%,25800--,23.11,23.23,23.95,23.08,11.66,1.96,-61.8,3.75%,6161810900,3.50%
SZ002409,雅克科技,92.16,-1.03%,-0.96,0.00%,-0.04,8943079,2.81%,0.72,20250708,54.87,67.96%,63600--,91.93,93.12,93.98,91.45,41.32,5.62,37.81,2.72%,43861495000,0.25%
SZ002299,圣农发展,19.8,2.64%,0.51,-0.05%,-0.02,22674893,1.85%,1.06,20250708,15.11,31.04%,207500--,19.24,19.29,19.85,19.22,15.93,2.17,-89.9,3.27%,24613612000,2.91%
SH688248,南网科技,58.07,11.50%,5.99,0.03%,0.18,15355537,2.72%,3.68,20250708,34.16,69.99%,74532--,52.15,52.08,62,52.15,77.83,10.06,84.46,18.91%,32792129000,11.35%
SZ002227,奥 特 迅,10.77,10.01%,0.98,0.00%,1.05,9125103,3.71%,1.7,20250707,14.53,-25.88%,27200--,10.6,9.79,10.77,10.39,,2.8,100,3.88%,2668872500,1.60%
SZ002354,天娱数科,6.26,0.48%,0.03,0.00%,0.08,51679770,3.18%,0.6,20250707,6.72,-6.85%,660600--,6.2,6.23,6.28,6.16,181.9,8.06,6.84,1.93%,10357707200,0.97%
SZ300595,欧普康视,15.44,1.25%,0.19,0.07%,-0.13,7969516,1.19%,0.55,20250704,15.33,0.72%,100500--,15.16,15.25,15.47,15.16,23.45,2.8,-32.84,2.03%,13823264000,1.85%
920403,康农种业,25.3,3.22%,0.79,0.00%,-0.35,5461668,9.24%,0.65,--,--,--,52202--,24.26,24.51,25.62,24.1,,4.49,-43.18,6.20%,2513835300,4.29%
SH688630,芯碁微装,188.48,0.67%,1.26,0.00%,0,4971825,3.77%,0.98,20250217,65.88,186.10%,11989--,185.01,187.22,193.49,183.7,85.64,10.76,-3.85,5.23%,24830490000,1.88%
SZ301176,逸豪新材,26.5,3.03%,0.78,0.72%,0.18,4030571,7.15%,0.77,20250618,21.23,24.82%,125800--,25.51,25.72,26.8,25.37,,2.95,20.8,5.56%,4480266700,3.88%
SH600578,京能电力,5.56,2.02%,0.11,0.18%,0.05,40501690,0.61%,0.73,20250704,4.81,15.59%,502600--,5.43,5.45,5.59,5.4,8.81,1.57,-31.6,3.49%,37222093000,2.39%
SZ002623,亚玛顿,24.99,-0.40%,-0.1,0.00%,0.06,8032300,4.04%,0.62,20250703,18.88,32.36%,147400--,25.11,25.09,25.6,24.52,,1.76,33.68,4.30%,4974571900,-0.48%
SZ000514,渝 开 发,4.96,2.48%,0.12,0.00%,0.09,9193179,1.09%,0.75,20250703,4.65,6.67%,111300--,4.82,4.84,4.97,4.81,19.46,1.1,-34.15,3.31%,4185104000,2.90%
SH600089,特变电工,32.23,-1.68%,-0.55,0.03%,-0.41,417543830,8.26%,1.04,20250702,12.29,162.25%,4130670--,32.4,32.78,33.26,32.18,22.27,2.37,79.17,3.29%,162851500000,-0.52%
SH688180,君实生物-U,31.21,4.87%,1.45,-0.06%,0.02,13528279,1.77%,1.2,20250701,35.68,-12.53%,109478--,29.76,29.76,31.6,29.68,,5.32,-27.46,6.45%,32042991000,4.87%
SZ300562,乐心医疗,14.12,2.10%,0.29,-0.07%,0.16,5002200,3.08%,0.71,20250701,15.66,-9.83%,26900--,13.77,13.83,14.2,13.76,35.25,3.05,-57.2,3.18%,3086825300,2.54%
SZ300532,今天国际,11.7,1.21%,0.14,0.00%,-0.04,5969277,1.38%,0.59,20250701,12.06,-2.99%,90300--,11.45,11.56,11.75,11.43,18.08,2.84,2.09,2.77%,5312136800,2.18%
SZ300293,蓝英装备,19.24,0.10%,0.02,0.05%,0,2448400,0.87%,0.52,20250630,25.14,-23.47%,100--,19.21,19.22,19.28,19.11,,6.97,3.34,0.88%,6511549200,0.16%
SH603871,嘉友国际,15.15,0.33%,0.05,-0.07%,-0.01,8886467,0.65%,0.54,20250627,10.81,40.15%,78900--,14.99,15.1,15.2,14.82,17.79,3.59,-28.86,2.52%,20725331000,1.07%
01799,新特能源,6.14,0.33%,0.02,0.00%,-0.03,807600,0.21%,0.46,20250627,5.17,18.76%,18800--,6.13,6.12,6.24,6.05,,0.246,64.95,3.10%,8780200000,0.16%
SH688303,大全能源,23.01,0.39%,0.09,-0.13%,0,7604849,0.35%,0.65,20250627,19.93,15.45%,74853--,22.66,22.92,23.22,22.49,,1.27,16.41,3.18%,49361184000,1.54%
03800,协鑫科技,1.08,1.89%,0.02,0.00%,0.32,423817340,1.28%,1.25,20250627,0.94,14.89%,6745000--,1.06,1.06,1.1,1.03,,0.893,9.14,6.60%,35873788000,1.89%
SZ001382,新亚电缆,22.11,1.56%,0.34,0.05%,0.58,11979131,19.32%,2.06,20250627,21.71,1.84%,90500--,21.75,21.77,22.48,21.6,88.52,5.73,62.21,4.04%,9109320000,1.66%
SZ002091,江苏国泰,9.12,3.28%,0.29,0.11%,0.14,26833038,1.68%,1.1,20250626,7.37,23.74%,344500--,8.78,8.83,9.13,8.77,11.47,0.91,-68.33,4.08%,14844758000,3.87%
01788,国泰君安国际,2.79,2.20%,0.06,0.00%,0.1,102321000,1.07%,0.82,20250626,4.25,-34.35%,1516000--,2.73,2.73,2.86,2.72,24.17,1.72,-0.96,5.13%,26588546000,2.20%
SZ002537,海联金汇,9.16,2.69%,0.24,0.00%,0.18,41015425,3.51%,0.71,20250625,11.46,-20.07%,364300--,8.84,8.92,9.22,8.8,40.2,2.54,-68.88,4.71%,10753993400,3.62%
SZ300046,台基股份,33.63,1.45%,0.48,-0.03%,-0.12,4159640,1.76%,0.6,20250625,41.88,-19.70%,300--,33,33.15,33.66,32.82,105.2,6.96,-45.25,2.53%,7954550000,1.91%
SZ002828,贝肯能源,14.79,0.07%,0.01,0.00%,-0.06,46618423,24.08%,1.01,20250625,10.58,39.79%,487240--,14.36,14.78,14.97,14.22,76.84,4.27,41.75,5.07%,2972606600,2.99%
SZ002074,国轩高科,36.3,-0.49%,-0.18,-0.03%,-0.09,22256212,1.28%,0.71,20250625,33,10.00%,289600--,36.41,36.48,36.57,35.98,19.5,2.31,57.52,1.62%,65852331000,-0.30%
SH603125,常青科技,18.75,2.01%,0.37,-0.05%,0.05,4714875,4.66%,0.8,20250624,16.35,14.68%,103700--,18.29,18.38,18.81,18.21,55.51,3.18,-62.41,3.26%,7590682000,2.52%
SH601211,国泰海通,18.46,0.60%,0.11,-0.16%,0.04,56920284,0.42%,0.65,20250624,18.6,-0.75%,804980--,18.26,18.35,18.52,18.26,11.06,1.04,-35.54,1.42%,325429970000,1.10%
SZ300193,佳士科技,9.9,1.23%,0.12,0.00%,0.15,24346173,5.80%,1.43,20250205,9.32,6.22%,137800--,9.74,9.78,10.1,9.66,22.03,2.05,-48.94,4.50%,4714873100,1.64%
SH600513,联环药业,22.66,2.26%,0.5,0.04%,0.42,15898551,5.57%,1.06,20250103,10.22,121.72%,220900--,22.01,22.16,22.94,22,,4.85,11.76,4.24%,6468439100,2.95%
SZ002373,千方科技,10.76,0.75%,0.08,0.00%,0.07,19904089,1.44%,0.6,20250624,9.15,17.60%,244500--,10.63,10.68,10.77,10.55,67.49,1.49,-6.35,2.06%,17002825000,1.22%
SH603982,泉峰汽车,8.27,2.10%,0.17,0.12%,-0.05,7146024,2.10%,0.77,20250624,10.68,-22.57%,78400--,8.08,8.1,8.29,8.05,,1.29,-35.72,2.96%,3019616800,2.35%
SZ301152,天力锂能,28.64,2.32%,0.65,0.04%,-0.15,2342253,3.30%,0.72,20250623,28.61,0.10%,35100--,27.99,27.99,28.71,27.99,,2.59,-54.27,2.57%,3400713800,2.32%
SZ002824,和胜股份,20.43,-1.21%,-0.25,0.10%,-0.06,5520159,2.92%,0.54,20250623,16.28,25.49%,29600--,20.56,20.68,20.76,20.3,47.55,2.81,38.42,2.22%,6357383700,-0.63%
SZ003026,中晶科技,32.85,-0.93%,-0.31,0.00%,-0.2,4359170,4.56%,0.94,20250618,33.37,-1.56%,41700--,33.16,33.16,33.39,32.55,93.75,6.47,37.34,2.53%,4257984200,-0.93%
SH689009,九号公司-WD,48.2,1.69%,0.8,-0.10%,0.01,6209204,1.12%,0.8,20250620,59.78,-19.37%,76607--,47.8,47.4,48.46,47.32,19.85,4.84,64.86,2.41%,34832070000,0.84%
SZ300480,光力科技,32.71,11.52%,3.38,0.03%,0.16,46420582,18.75%,1.62,20250620,15.59,109.81%,300--,28.3,29.33,33.22,28.3,237,9.01,-9.43,16.77%,11541056300,15.58%
SH603533,掌阅科技,27.34,0.15%,0.04,0.04%,-0.3,28344215,6.46%,0.54,20250619,22.06,23.93%,403700--,27.1,27.3,27.72,26.79,,5.19,58.82,3.41%,11999439500,0.89%
SZ300483,首华燃气,20.69,-3.54%,-0.76,0.10%,-1.5,61764481,16.25%,0.73,20250619,13.38,54.63%,2000--,20.76,21.45,21.6,20.2,,2.95,73.02,6.53%,7867572600,-0.34%
SH600563,法拉电子,117.85,2.74%,3.14,0.08%,0.13,6788103,3.02%,1.27,20250618,102.67,14.79%,32700--,114.71,114.71,121.49,114.33,22.4,4.63,-63.3,6.24%,26516250000,2.74%
SZ300073,当升科技,52.52,-0.15%,-0.08,-0.02%,0,8171375,1.62%,0.61,20250618,40.4,30.00%,105000--,52.35,52.6,52.8,52.1,42.64,1.96,61.05,1.33%,28586303000,0.32%
SZ300450,先导智能,50.14,-0.71%,-0.36,0.00%,-0.03,28305664,1.82%,0.63,20250618,23.01,117.91%,261200--,50.29,50.5,50.71,49.9,53.06,4.93,63.46,1.60%,83925407000,-0.30%
SZ300003,乐普医疗,17.27,2.31%,0.39,-0.06%,-0.01,32310164,2.05%,1.04,20250618,13.79,25.24%,210600--,16.78,16.88,17.5,16.69,24.31,2.05,-7.04,4.80%,31835458000,2.92%
SZ300220,金运激光,15.27,2.83%,0.42,0.07%,0.05,2792308,1.85%,0.7,20250618,18.92,-19.29%,75900--,14.84,14.85,15.27,14.61,1726,36.65,-71.73,4.44%,2308824000,2.90%
SZ002443,金洲管道,9.84,-0.20%,-0.02,0.00%,0.07,15235991,2.93%,0.63,20250618,6.41,53.51%,511200--,9.77,9.86,10.02,9.7,40.98,1.5,11.2,3.25%,5122069500,0.72%
SZ002312,川发龙蟒,13.26,1.77%,0.23,0.00%,0.28,94160198,5.00%,0.85,20250523,11.35,16.83%,1136100--,13,13.03,13.4,12.8,42.98,2.6,29.31,4.60%,25031025000,2.00%
920522,纳科诺尔,66.22,-4.75%,-3.3,0.00%,-0.39,2830951,2.18%,1.01,--,--,--,16250--,69.79,69.52,69.8,66,136.9,9.65,83.43,5.47%,10380032700,-5.12%
SH603086,先达股份,8.39,3.33%,0.27,-0.12%,0.08,14768040,3.40%,1.26,20250616,10.08,-16.77%,96200--,8.08,8.12,8.42,8.07,13.97,1.69,-50.35,4.31%,3648082300,3.84%
SZ300663,科蓝软件,15.54,1.77%,0.27,-0.06%,0.02,7052262,1.54%,0.49,20250613,17.78,-12.60%,173000--,15.18,15.27,15.55,15.12,,9.83,-24.57,2.82%,7435133200,2.37%
SH688619,罗普特,15,1.56%,0.23,0.20%,0.04,2886206,1.56%,0.58,20250613,12.25,22.45%,30826--,14.6,14.77,15.06,14.6,,4.12,-73.79,3.11%,2781570600,2.74%
SH601872,招商轮船,17.12,-1.95%,-0.34,-0.47%,-0.14,246877750,3.06%,0.74,20250613,6.35,169.61%,2567140--,17,17.46,17.85,16.65,31.42,3.39,8.89,6.87%,138236100000,0.71%
SH600120,浙江东方,6.36,0.47%,0.03,-0.16%,-0.04,46124187,1.35%,0.59,20250612,6.4,-0.63%,754600--,6.29,6.33,6.38,6.26,20.37,1.33,-37.63,1.90%,21721826000,1.11%
SZ300251,光线传媒,17.48,-0.23%,-0.04,0.00%,-0.02,72285133,2.60%,0.53,20250612,18.95,-7.76%,5900--,17.37,17.52,17.55,17.31,16.47,4.77,17.22,1.37%,51279126000,0.63%
SZ300025,华星创业,5.92,0.68%,0.04,0.17%,0.02,11132400,2.20%,0.86,20250612,7.02,-15.67%,236500--,5.89,5.88,5.92,5.8,,5.59,2.51,2.04%,3012054100,0.51%
SZ300682,朗新科技,18.64,3.21%,0.58,0.00%,0.13,39146036,3.79%,1.1,20250612,16.6,12.29%,800--,18,18.06,18.97,17.88,142.5,2.96,-40.24,6.04%,20098316000,3.56%
SZ003027,同兴科技,22.88,4.52%,0.99,0.04%,-0.02,3741400,3.57%,1.32,20250611,19,20.42%,44700--,21.87,21.89,22.93,20.98,36.19,1.75,-49.15,8.91%,2990946800,4.62%
SZ002955,鸿合科技,25.98,-1.07%,-0.28,-0.04%,-0.05,1654402,0.84%,0.64,20250611,28.04,-7.35%,47500--,26.23,26.26,26.25,25.84,56.04,1.87,29.49,1.56%,6147904900,-0.95%
SH603787,新日股份,13.6,3.74%,0.49,-0.07%,-0.04,2550900,1.11%,0.77,20250611,14.05,-3.20%,76900--,13.11,13.11,13.61,13.06,20.28,1.97,-80,4.20%,3129955500,3.74%
SZ000792,盐湖股份,36.79,-0.38%,-0.14,0.05%,0.1,65139368,1.23%,0.6,20250611,16.67,120.70%,644400--,36.72,36.93,37.5,36.39,32.43,4.74,-27.41,3.01%,194676950000,0.19%
SH603587,地素时尚,12.66,2.10%,0.26,0.00%,0.01,1685020,0.36%,0.73,20250610,12.77,-0.86%,38000--,12.4,12.4,12.69,12.31,19.07,1.66,-20.29,3.06%,6002014700,2.10%
SH603693,江苏新能,13.72,1.11%,0.15,0.00%,-0.07,11803537,1.32%,0.86,20250528,13.88,-1.15%,74300--,13.53,13.57,13.82,13.42,23.51,1.76,-31.86,2.95%,12231049100,1.40%
SZ300315,掌趣科技,5.22,0.00%,0,-0.19%,-0.01,63260581,2.45%,0.57,20250610,5.4,-3.33%,596100--,5.17,5.22,5.23,5.16,138.5,2.86,8.79,1.34%,14133729000,0.97%
SZ300545,联得装备,33.96,-3.74%,-1.32,-0.09%,-1.07,12750188,10.66%,1.29,20250610,28.93,17.39%,197865--,35,35.28,35.1,33.66,48.9,2.95,47.59,4.08%,6298268300,-2.97%
SZ300467,迅游科技,31.49,4.97%,1.49,0.10%,-0.01,4469454,2.65%,0.98,20250606,20.41,54.29%,31700--,29.8,30,31.8,29.8,271.7,10.02,-17.59,6.67%,6398922200,5.67%
SZ000886,海南高速,6.32,1.94%,0.12,0.00%,-0.02,16046126,1.64%,0.81,20250606,6.36,-0.63%,106900--,6.14,6.2,6.33,6.14,,2.06,-12.24,3.06%,6249394900,2.93%
SH601007,金陵饭店,8,2.30%,0.18,0.00%,-0.17,7230850,1.85%,0.92,20250605,8.39,-4.65%,86400--,7.82,7.82,8.02,7.8,58.39,1.97,-58.08,2.81%,3120000000,2.30%
SZ002229,鸿博股份,16.27,-0.85%,-0.14,0.06%,-0.45,22888273,4.64%,0.52,20250605,17.08,-4.74%,249100--,16.25,16.41,16.53,16.16,264.7,6.35,15.28,2.25%,8073035500,0.12%
SH600893,航发动力,61.18,5.98%,3.45,0.07%,0.21,68211850,2.56%,1.16,20250605,35.54,72.14%,482385--,58,57.73,63.2,57.8,1133,4.1,29.91,9.35%,163081060000,5.48%
SZ300513,恒实科技,9.71,3.74%,0.35,0.00%,-0.25,10462397,3.63%,1.29,20250605,9.4,3.30%,135900--,9.26,9.36,9.73,9.26,,2.31,-51.9,5.02%,3045941100,4.86%
SZ002243,力合科创,10.04,0.00%,0,-0.10%,-0.08,11436600,0.95%,0.6,20250604,8.03,25.03%,181400--,9.99,10.04,10.11,9.95,77.44,1.67,6.06,1.59%,12154466400,0.50%
SZ001338,永顺泰,13.05,2.59%,0.33,-0.08%,-0.02,10330046,2.06%,1.23,20241227,11.23,16.21%,134088--,12.7,12.72,13.11,12.64,19.41,1.76,-81.96,3.69%,6547587400,2.76%
SZ002741,光华科技,20.93,-1.04%,-0.22,0.10%,0.01,10554313,2.48%,0.61,20250411,14.61,43.26%,80000--,21.03,21.15,21.21,20.86,80.75,5.06,57.8,1.65%,9732916900,-0.48%
SH603283,赛腾股份,46.5,2.02%,0.92,-0.04%,0.04,10667570,3.93%,0.82,20250604,43.65,6.53%,112060--,45.18,45.58,47.75,45.18,23.59,3.92,15.73,5.64%,12609592500,2.92%
SZ300199,翰宇药业,17.2,4.81%,0.79,-0.06%,0.29,30202208,4.05%,1.47,20250603,14.99,14.74%,100--,16.39,16.41,17.26,16.35,159.7,23.4,-52.94,5.55%,15191751000,4.94%
SZ300119,瑞普生物,19.26,5.71%,1.04,-0.21%,0.15,9097651,2.72%,1.83,20250603,25.06,-23.14%,1000--,18.17,18.22,19.48,18.13,18.53,1.92,-40.2,7.41%,8951175600,6.00%
SZ301366,一博科技,34.7,1.23%,0.42,-0.17%,0.01,1913058,2.51%,0.64,20250603,46.51,-25.39%,28900--,34.06,34.28,34.85,33.95,317.5,3.4,13.24,2.63%,7270906200,1.88%
SZ301322,绿通科技,34.56,6.37%,2.07,0.06%,-0.11,4286501,4.51%,0.88,20250530,30.39,13.72%,65450--,32.5,32.49,34.77,32.1,52.33,1.73,-49.89,8.22%,4882909100,6.34%
SZ000566,海南海药,5.77,1.76%,0.1,0.00%,-0.03,27891092,2.15%,0.7,20250530,6.12,-5.72%,243700--,5.63,5.67,5.77,5.61,,26.89,-62.35,2.82%,7485796800,2.49%
SZ000539,粤电力Ａ,5.16,1.98%,0.1,0.19%,-0.11,37634301,1.47%,0.95,20250530,5.39,-4.27%,289200--,5.02,5.06,5.19,5.01,34.8,1.16,-30.58,3.56%,27091465000,2.79%
SZ300434,金石亚药,10.33,2.28%,0.23,0.10%,-0.03,5685760,1.66%,0.86,20250516,9.04,14.27%,156000--,10.04,10.1,10.34,10.03,32.17,1.65,22.15,3.07%,4150014200,2.89%
SH603991,至正股份,98.88,3.68%,3.51,0.00%,-0.08,2762800,3.71%,1.06,20250529,62.75,57.58%,32600--,95,95.37,99.3,94,,4.32,2.13,5.56%,15099936000,4.08%
SZ301297,富乐德,36.42,1.19%,0.43,0.39%,-0.06,3771895,1.04%,0.56,20250529,46.55,-21.76%,1000--,35.72,35.99,36.45,35.62,96.3,5.16,-87.15,2.31%,27066892000,1.96%
SH605005,合兴股份,19.98,1.99%,0.39,0.00%,-0.02,2971200,0.74%,1.04,20250529,19.5,2.46%,69800--,19.47,19.59,19.98,19.47,39.37,3.93,-60.9,2.60%,8011980000,2.62%
SH603041,美思德,13.41,3.55%,0.46,0.00%,-0.18,3927186,2.14%,1.11,20250527,12.38,8.32%,52000--,13.01,12.95,13.48,12.81,40.78,1.63,9.73,5.17%,2456010500,3.07%
SZ000066,中国长城,15.69,0.13%,0.02,0.13%,-0.18,62257478,1.93%,0.58,20250527,15.68,0.06%,1257000--,15.55,15.67,15.72,15.47,2363,4.56,11.81,1.60%,50612788000,0.90%
SZ002292,奥飞娱乐,8.56,0.12%,0.01,0.00%,-0.3,27244417,2.68%,0.57,20250526,10.36,-17.37%,697200--,8.46,8.55,8.57,8.46,187.8,4.29,44.27,1.29%,12657669400,1.18%
SH603043,广州酒家,17.21,1.77%,0.3,-0.06%,0,2954200,0.52%,0.62,20250519,17.07,0.82%,55200--,16.87,16.91,17.25,16.83,20.06,2.49,-38.81,2.48%,9788545600,2.02%
SH600589,大位科技,11.33,-0.79%,-0.09,0.00%,-0.35,185036380,12.52%,0.56,20250428,7,61.86%,2555400--,11.15,11.42,11.55,11.11,331.7,23.65,33.53,3.85%,16821310000,1.61%
SH603004,鼎龙科技,24.69,1.81%,0.44,0.12%,0.24,2534100,4.30%,0.82,20250219,23.09,6.93%,38700--,24.11,24.25,24.75,24.08,35.6,2.81,-34,2.76%,5814988800,2.41%
SH603725,天安新材,10.21,3.03%,0.3,-0.10%,0.07,5763560,2.01%,0.79,20250523,8.99,13.57%,64800--,9.92,9.91,10.24,9.83,23.93,3.76,-76.31,4.14%,3112596900,2.92%
SZ002810,山东赫达,19.03,5.43%,0.98,0.21%,-0.01,14977570,4.64%,1.15,20250523,12.21,55.86%,289900--,17.91,18.05,19.33,17.91,35.74,2.97,66.89,7.87%,6639031900,6.25%
SZ000958,电投产融,6.8,1.49%,0.1,0.00%,-0.01,55282241,1.03%,1.12,20250326,6.33,7.42%,687400--,6.7,6.7,6.83,6.66,143.7,1.95,-36.88,2.54%,118137275000,1.49%
SZ002189,中光学,21.88,-1.17%,-0.26,0.05%,-0.02,3419767,1.31%,0.77,20250522,21.16,3.40%,43800--,21.86,22.14,22.08,21.55,,10.86,-8.53,2.39%,5715040100,0.09%
SH603588,高能环境,13.4,2.29%,0.3,0.15%,0.08,60823844,3.99%,0.62,20250521,5.88,127.89%,841000--,12.94,13.1,13.7,12.9,23.69,2.13,4.23,6.11%,20411342000,3.55%
SH688484,南芯科技,39.6,2.43%,0.94,0.15%,-0.05,4494320,1.52%,0.54,20250520,32.48,21.92%,65083--,38.63,38.66,39.66,38.35,71.13,4.05,-72.89,3.39%,16935462000,2.51%
SZ002128,电投能源,33.27,-1.77%,-0.6,-0.15%,-0.18,33979683,1.52%,0.99,20250519,18.65,78.39%,89800--,33.25,33.87,33.8,32.26,13.58,2,-36.36,4.55%,74577150000,0.06%
SZ301087,可孚医疗,59.05,1.30%,0.76,-0.09%,0.13,3475054,1.79%,0.96,20250516,33.1,78.40%,80650--,57.91,58.29,59.88,57.91,35.55,2.62,-93.22,3.38%,12335367900,1.97%
SH600468,百利电气,8.73,2.11%,0.18,-0.23%,-1.81,184467580,16.96%,2.67,20250516,5.04,73.21%,1866370--,8.5,8.55,9.1,8.36,86.05,4.73,-29.28,8.65%,9495929400,2.71%
SZ300005,探路者,14.73,4.25%,0.6,0.07%,0.16,37977011,4.30%,1.56,20250516,9.73,51.39%,1400--,14.12,14.13,15.14,14.01,295.5,6.21,-1.57,8.00%,13016933200,4.32%
SH600682,南京新百,7.29,3.85%,0.27,0.00%,0.25,27399388,2.35%,1.54,20250513,6.53,11.64%,249752--,7.01,7.02,7.34,6.97,34.63,0.554,-40.38,5.27%,9806013900,3.99%
SH601989,中国重工,--,--,--,--,--,--,--,--,--,--,--,----,--,--,--,--,0,0,--,--,--,--
SZ002583,海能达,11.24,0.99%,0.11,0.09%,0.21,26111507,2.04%,0.6,20250508,12.86,-12.60%,676900--,11.05,11.13,11.24,11.02,82.38,8,-39.58,1.98%,20441282000,1.72%
SZ002462,嘉事堂,15.35,1.99%,0.3,0.07%,-0.1,4410100,1.51%,0.92,20250507,14.44,6.30%,70100--,14.9,15.05,15.38,14.9,23.76,1.01,-52.62,3.19%,4477704300,3.02%
SH600986,浙文互联,10.92,-2.06%,-0.23,0.09%,-0.52,83976343,5.65%,0.55,20250217,9.8,11.43%,1765391--,11.05,11.15,11.15,10.89,96.2,3.11,67.44,2.33%,16242125000,-1.18%
SZ002553,南方精工,26.26,0.54%,0.14,-0.04%,0.03,4887452,1.95%,0.43,20250423,20.6,27.48%,69800--,26,26.12,26.3,25.88,18.99,5.8,-2.68,1.61%,9280537100,1.00%
SH688757,胜科纳米,27.91,1.49%,0.41,0.00%,0.38,990780,2.83%,0.58,--,--,--,9373--,27.5,27.5,28.09,27.5,180.7,12.69,4.01,2.15%,11256423600,1.49%
SH603890,春秋电子,14.44,-0.96%,-0.14,-0.14%,-0.18,9474247,2.12%,0.75,20250422,10.32,39.92%,124200--,14.5,14.58,14.64,14.33,20.95,2.12,51.61,2.13%,6451907600,-0.41%
SH601010,文峰股份,2.43,1.67%,0.04,0.00%,-0.19,27307965,1.48%,0.98,20250418,3.38,-28.11%,617200--,2.39,2.39,2.43,2.37,198.2,1.05,25.7,2.51%,4490640000,1.67%
SH600583,海油工程,7.55,-1.95%,-0.15,0.00%,-0.11,171380920,3.88%,0.61,20250418,5.37,40.60%,1730700--,7.6,7.7,7.79,7.4,15.6,1.24,-7.42,5.06%,33381229000,-0.66%
SZ159788,港股通100ETF易方达,1.273,1.76%,0.022,0.08%,0,5185100,4.45%,0.42,20250418,1.29,-1.24%,17000--,1.257,1.251,1.278,1.251,0,0,-12.81,2.16%,148208980,1.27%
SZ002381,双箭股份,7.16,3.77%,0.26,0.14%,-0.07,8752300,2.73%,1.24,20250418,6.76,5.92%,210300--,6.88,6.9,7.16,6.85,41.19,1.39,-88.67,4.49%,2946896900,4.07%
SZ002584,西陇科学,8.72,2.47%,0.21,-0.12%,0.29,16250900,3.47%,0.86,20250418,9.94,-12.27%,175300--,8.48,8.51,8.74,8.43,,2.28,-28.9,3.64%,5103087200,2.83%
SZ300721,怡达股份,16.7,7.05%,1.1,-0.06%,-0.85,16234123,11.73%,1.47,20250417,18.72,-10.79%,211800--,15.5,15.6,16.85,15.46,,2.44,-30.17,8.91%,2752940500,7.74%
SZ002395,双象股份,19.28,1.90%,0.36,-0.10%,0.01,3836195,1.43%,0.72,20250414,16.81,14.69%,60100--,18.81,18.92,19.35,18.81,21.27,3.44,-40.07,2.85%,5171069500,2.50%
SZ002156,通富微电,47.93,-1.86%,-0.91,-0.02%,-0.52,65673292,4.33%,0.64,20250411,26.26,82.52%,677900--,48.38,48.84,49.36,47.71,63.4,4.79,-42.65,3.38%,72738420000,-0.93%
SZ002838,道恩股份,26.47,1.03%,0.27,0.00%,0.03,2983600,0.71%,0.61,20250220,13.05,102.84%,22600--,26.2,26.2,26.85,25.97,72.72,3.52,40.77,3.36%,12663205700,1.03%
SH600088,中视传媒,15.43,1.51%,0.23,0.20%,0,4280701,1.08%,0.63,20250411,17.3,-10.81%,115400--,15.15,15.2,15.43,15.11,,4.86,13.89,2.11%,6136609800,1.85%
SH600693,东百集团,12.95,-0.99%,-0.13,0.08%,-0.06,23441900,2.70%,0.69,20250410,7.14,81.37%,391100--,12.9,13.08,13.06,12.8,95.95,3.19,2.96,1.99%,11264508900,0.39%
SH603836,海程邦达,14.54,0.97%,0.14,0.00%,-0.01,2979400,1.45%,0.45,20250410,14.7,-1.09%,39600--,14.3,14.4,14.56,14.28,66.76,1.69,-61.17,1.94%,2984120300,1.68%
SZ001212,中旗新材,55.86,2.66%,1.45,0.00%,0.42,8791472,5.06%,1.31,20250410,48.98,14.05%,76700--,53.87,54.41,57.23,53.73,2275,6.1,5.43,6.43%,11225604600,3.69%
SZ301058,中粮科工,11.18,2.01%,0.22,0.00%,-0.23,12125879,2.37%,0.89,20250409,13.94,-19.80%,70100--,10.92,10.96,11.19,10.88,36.38,2.62,-44.03,2.83%,5727226100,2.38%
SZ000993,闽东电力,14.46,-1.90%,-0.28,0.00%,-0.46,38470303,8.75%,0.72,20250409,8.97,61.20%,652500--,14.38,14.74,14.76,14.13,32.79,2.49,32.14,4.27%,6621978000,0.56%
SZ000862,银星能源,7.6,3.97%,0.29,0.13%,0.41,144043200,22.94%,1.75,20250409,5.64,34.75%,1322800--,7.4,7.31,7.69,7.2,22.04,1.56,40.54,6.70%,6976455700,2.70%
SZ300240,飞力达,7.97,1.14%,0.09,0.00%,-0.12,16382925,4.51%,0.67,20250403,7.5,6.27%,139400--,7.83,7.88,7.99,7.78,66.91,2.01,-37.86,2.66%,2961356700,1.79%
SH601952,苏垦农发,10.04,2.97%,0.29,0.00%,0.09,25970904,1.88%,0.64,20250403,9.78,2.66%,364200↑,9.84,9.75,10.08,9.71,24.99,1.96,-24.97,3.79%,13835120000,2.03%
SZ002041,登海种业,11.69,4.84%,0.54,0.00%,-0.08,79353417,9.02%,1.08,20250403,10.31,13.39%,944000↑,11.39,11.15,11.93,11.05,142.9,2.84,-74.11,7.89%,10287200000,2.63%
SZ002258,利尔化学,16.31,4.95%,0.77,0.00%,0.03,25047971,3.13%,1.22,20250403,8.92,82.85%,214900↑,15.45,15.54,16.37,15.36,27.27,1.65,-37.17,6.50%,13055131200,5.57%
SZ000025,特  力Ａ,17.45,0.29%,0.05,-0.11%,-0.03,3816600,0.97%,0.6,20250403,18.02,-3.16%,63900--,17.26,17.4,17.48,17.23,45.64,4.16,-13.38,1.44%,7521967700,1.10%
SZ300228,富瑞特装,11.21,-5.40%,-0.64,0.18%,-1.2,81804707,14.57%,0.72,20250403,7.43,50.87%,1800--,11.57,11.85,11.69,11.03,29.03,2.78,68.42,5.57%,6697140400,-3.11%
SH603073,彩蝶实业,21.05,5.25%,1.05,-0.05%,0.1,2602100,5.11%,1.17,20250403,16.24,29.62%,27600--,20.08,20,21.17,20,29.12,1.77,-29.81,5.85%,2441800000,4.83%
SZ300971,博亚精工,25,2.21%,0.54,0.12%,-0.05,3799180,4.13%,0.82,20250403,23.68,5.57%,700--,24.46,24.46,25.06,24.31,33.35,2.79,-10.15,3.07%,2940000000,2.21%
SH603045,福达合金,33.84,0.68%,0.23,0.15%,0.11,8294183,6.12%,0.93,20250107,13.22,155.98%,131000--,33.59,33.61,34.29,32.1,61.93,4.5,-31.66,6.52%,4583464000,0.74%
SH603938,三孚股份,28.28,-5.04%,-1.5,-0.07%,-0.36,19276630,5.04%,0.63,20250402,14.56,94.23%,360112--,29.77,29.78,30.02,28.05,126.5,4.36,-10.34,6.62%,10820620800,-5.01%
SH603015,弘讯科技,14.13,0.50%,0.07,0.07%,-0.04,6318036,1.56%,0.7,20250401,15.13,-6.61%,143600--,13.92,14.06,14.41,13.89,133.7,4.1,54.08,3.70%,5711614500,1.51%
SZ001217,华尔泰,13.44,2.36%,0.31,0.07%,0.03,9230400,2.81%,0.69,--,--,--,125100--,13.03,13.13,13.48,12.99,152.2,1.98,-30.91,3.73%,4460332800,3.15%
SH603217,元利科技,24.88,3.02%,0.73,0.12%,-0.03,2896260,1.39%,0.48,20250326,18.92,31.50%,30100--,24.15,24.15,24.98,24.03,25.47,1.54,38.37,3.93%,5177219500,3.02%
SZ002708,光洋股份,12.95,0.23%,0.03,0.08%,-0.01,6967902,1.35%,0.48,20250326,13.22,-2.04%,57900--,12.89,12.92,13.05,12.8,85.85,4.3,37.45,1.93%,7279168700,0.47%
01810,小米集团-W,33.42,3.79%,1.22,2.20%,0.12,293556060,1.12%,1.37,20250304,50.55,-33.89%,62657000--,32.48,32.2,34.14,31.98,17.11,3.02,75.81,6.71%,873784820000,2.89%
SH600105,永鼎股份,26.98,-3.95%,-1.11,-0.04%,-1.2,104667862,7.16%,0.64,20250325,7.26,271.63%,1572100--,27.7,28.09,27.99,26.81,89.89,11.95,40.52,4.20%,39444620000,-2.60%
02507,西锐,57.45,1.06%,0.6,0.79%,0.03,1008400,0.28%,1.41,20250319,35,64.14%,18800--,56.85,56.85,59.4,54.3,20.61,3.3,1.6,8.97%,21026058000,1.06%
SZ300973,立高食品,39.16,0.95%,0.37,0.13%,-0.06,1332039,1.14%,0.58,20250324,43.27,-9.50%,19000--,38.5,38.79,39.26,38.5,20.07,2.7,80.02,1.96%,6631374800,1.71%
SH600320,振华重工,5.47,0.00%,0,-0.18%,0.08,60356068,1.82%,0.84,20250321,4.92,11.18%,563160--,5.45,5.47,5.55,5.39,41.26,1.85,43.32,2.93%,28817894000,0.37%
SZ001872,招商港口,21.08,0.14%,0.03,0.05%,-0.02,4471197,0.19%,0.44,20230509,20.29,3.89%,37700--,20.97,21.05,21.08,20.7,10.31,0.829,12.46,1.81%,52316196000,0.52%
SH603629,利通电子,56.13,-2.87%,-1.66,0.04%,-0.23,23815357,9.27%,0.64,20250319,33.35,68.31%,237300--,57,57.79,58.2,54.9,51.15,7.81,82.33,5.71%,14727389000,-1.53%
SH603058,永吉股份,13.47,-1.97%,-0.27,-0.07%,0.03,19557556,4.73%,1.42,20250319,9.24,45.78%,515500--,13.53,13.74,13.83,13.44,42.41,4.53,23.39,2.84%,5585507500,-0.44%
SH601899,紫金矿业,37.1,-1.51%,-0.57,0.00%,-0.16,253947010,1.23%,0.74,20250318,17.76,108.90%,2394600--,37.01,37.67,37.48,36.24,19.54,5.88,13.68,3.29%,986479100000,0.24%
SH603315,福鞍股份,16.48,1.79%,0.29,0.00%,-0.18,12834800,4.01%,0.63,20250115,11.23,46.75%,57900--,16.14,16.19,16.85,16.08,92.3,3.11,15.72,4.76%,5279636000,2.11%
SZ300105,龙源技术,8.07,0.88%,0.07,0.12%,0.12,17913800,3.47%,1.26,20250318,7.48,7.89%,198100--,7.96,8,8.16,7.96,82.9,2.16,-24.68,2.50%,4162622400,1.38%
SZ300504,天邑股份,15.79,-1.13%,-0.18,0.06%,-0.09,7317500,3.35%,0.63,20250318,17.64,-10.49%,70500--,15.98,15.97,16.02,15.61,,2.02,20.66,2.57%,4279478100,-1.19%
SZ002167,东方锆业,15.14,-1.62%,-0.25,0.00%,-0.62,71908332,9.49%,0.63,20250303,10.54,43.64%,664900--,15.36,15.39,15.59,14.94,227.4,6.7,71.56,4.22%,11728553800,-1.43%
SH688789,宏华数科,82.61,-0.47%,-0.39,-0.15%,0,789489,0.44%,0.35,20250303,73.7,12.09%,18155--,82.5,83,84,82.35,28.15,4.17,68.19,1.99%,14890957000,0.13%
SZ002692,远程股份,5.87,0.69%,0.04,0.00%,-0.35,26604568,3.71%,1.4,20250109,4.68,25.43%,222100--,5.84,5.83,5.94,5.81,64.01,3.47,-46.62,2.23%,4215517000,0.51%
SH601717,中创智领,23.1,1.58%,0.36,-0.09%,0,13925109,0.90%,0.47,20250226,13.69,68.74%,159400--,22.67,22.74,23.2,22.52,8.49,1.78,44.85,2.99%,41242738000,1.90%
SZ000676,智度股份,8.27,0.85%,0.07,0.12%,-0.02,19638591,1.56%,0.58,20250221,9.29,-10.98%,382200--,8.16,8.2,8.27,8.12,65.5,2.45,8.01,1.83%,10418456800,1.35%
SZ002080,中材科技,44.99,-4.17%,-1.96,0.02%,-0.01,42264944,2.52%,0.82,20250221,13.33,237.51%,417800--,46.56,46.95,46.89,44.78,38.27,3.85,19.1,4.49%,75498780000,-3.37%
SZ000581,威孚高科,25.22,5.08%,1.22,0.00%,0.53,42619054,5.37%,1.2,20250221,19.66,28.28%,267800--,24.15,24,25.92,23.76,15.87,1.22,72.25,9.00%,24382335000,4.43%
SZ002352,顺丰控股,37.25,1.44%,0.53,0.00%,0.08,23422920,0.49%,0.7,20250217,40.33,-7.64%,334673--,36.63,36.72,37.35,36.47,16.95,1.91,-20.97,2.40%,187718780000,1.69%
SZ300487,蓝晓科技,73.5,-1.88%,-1.41,0.00%,-0.04,3373525,1.10%,0.52,20250219,50.4,45.83%,28500--,74.21,74.91,74.93,72.23,43.06,9.31,14.14,3.60%,37421335000,-0.96%
SZ000928,中钢国际,7.17,0.99%,0.07,0.00%,-0.07,26165049,1.82%,0.54,20250219,6.9,3.91%,256300--,7.11,7.1,7.19,7.03,13.88,1.22,-20.63,2.25%,10286401900,0.84%
SH603066,音飞储存,10.77,2.09%,0.22,-0.09%,-0.01,2439500,0.83%,0.6,20250206,11.35,-5.11%,24400--,10.47,10.55,10.78,10.47,38.08,2.21,-48.68,2.94%,3168319400,2.87%
SH600483,福能股份,10.44,2.35%,0.24,0.00%,0.14,31848042,1.15%,0.7,20250218,9.39,11.18%,161500--,10.16,10.2,10.47,10.14,10.94,1.11,-28.82,3.24%,29024639000,2.76%
SH600817,宇通重工,12.09,2.11%,0.25,0.00%,0.01,3505100,0.66%,0.67,20250217,13.06,-7.43%,28600--,11.78,11.84,12.12,11.78,25.83,2.65,-67.26,2.87%,6447649500,2.63%
SH688533,上声电子,31.75,-1.43%,-0.46,0.16%,-0.23,2253129,1.37%,0.89,20250206,35.9,-11.56%,54395--,31.68,32.21,32.05,31.6,28.45,2.99,40.24,1.40%,5238316800,0.22%
SH600938,中国海油,40.49,-2.67%,-1.11,0.00%,-0.36,122718533,4.10%,0.69,20250123,27.6,46.70%,1283992--,40.67,41.6,42.38,39.66,14.15,2.45,-24.81,6.54%,1924487800000,-0.44%
SH600060,海信视像,22.55,1.90%,0.42,0.18%,0.02,11784718,0.91%,0.91,20250116,21.84,3.25%,90100--,22.15,22.13,22.61,22.1,13.55,1.44,-38.78,2.30%,29427124000,1.81%
SZ000661,长春高新,90.93,1.92%,1.71,0.02%,0.09,5961467,1.49%,0.57,20250116,93.42,-2.67%,61900--,89.02,89.22,90.99,88.9,23.88,1.61,74.84,2.34%,37093760000,2.15%
SZ002489,浙江永强,3.55,1.72%,0.06,-0.28%,0.09,23120861,1.21%,0.75,20250115,3.42,3.80%,484900--,3.49,3.49,3.56,3.47,8.51,1.64,-7.02,2.58%,7700007900,1.72%
SZ001979,招商蛇口,9.7,0.73%,0.07,-0.10%,-0.01,29493978,0.35%,0.52,20250108,9.78,-0.82%,172300--,9.58,9.63,9.73,9.52,26.27,0.886,-14.2,2.18%,87455512000,1.25%
SH603600,永艺股份,11.06,2.12%,0.23,0.18%,0,2823500,0.94%,0.64,20250107,11.93,-7.29%,56000--,10.79,10.83,11.08,10.78,14.31,1.6,-30.35,2.77%,3654590900,2.50%
SZ000807,云铝股份,33.58,-5.30%,-1.88,0.00%,-0.11,75624224,2.18%,0.72,20250103,14.53,131.11%,896400--,34.06,35.46,34.25,32.98,19.86,3.6,24.23,3.58%,116454010000,-1.41%
SZ000977,浪潮信息,59.43,0.17%,0.1,0.00%,0.01,24880651,1.70%,0.55,20231109,35,69.80%,351785--,59,59.33,59.5,58.58,44.16,4.15,67.4,1.55%,87271568000,0.73%
SQQQ,纳斯达克100三倍做空,73.46,4.55%,3.2,0.26%,--,2293325,--,0.03,20241029,6.92,961.56%,0--,73.27,70.26,73.95,71.33,0,0,--,3.73%,--,0.26%
SH600036,招商银行,39.2,0.13%,0.05,0.03%,0.02,46595667,0.23%,0.5,--,--,--,1051100--,39.1,39.15,39.32,38.95,6.58,0.907,-28.47,0.95%,988617950000,0.26%
SH601601,中国太保,39.24,-0.25%,-0.1,-0.03%,0,28978103,0.42%,0.64,--,--,--,264100--,39.16,39.34,39.71,38.89,6.2,1.33,62.9,2.08%,377502200000,0.20%
SH600900,长江电力,27.14,0.22%,0.06,0.00%,0.01,87836924,0.36%,0.55,20240708,29.92,-9.29%,1455704--,27.06,27.08,27.15,26.98,19.44,3,-68.48,0.63%,664067430000,0.30%
